Selas Heat Technology Company LLC,http://selas.com/
Selecta Biosciences,http://selectabio.com/
Selkermetrics,http://selkermetrics.com/
SELMAN AND ASSOCIATES,http://selmanlog.com/
Sima Therapeutics,http://semma-tx.com/
Semprius,http://semprius.com
Senaya,http://senaya.com/
Sensor-Kinesis Corporation,http://sensor-kinesis.com/
Sequenom,http://sequenom.com/
ServiceNow,http://servicenow.com/
Sharp Laboratories of America,http://sharplabs.com/
Shell Oil Company,http://shell.us/
Shimadzu Corporation,http://shimadzu.com/
Shin-Etsu Chemical Co.,http://shinetsu.co.jp/en/
BAXALTA INCORPORATED,http://shire.com/
Shoals Technologies Group,http://shoals.com/
Nippon Shokubai Co.,http://shokubai.co.jp/en/
Pansonic Corporation,http://shop.panasonic.com/
Sick AG,http://sick.com/de/en/
SICPA Holding SA,http://sicpa.com/
Sony Interactive Entertainment America LLC,http://sie.com/en/index.html
Siemens Aktiengesellschaft ,http://siemens.com/global/en/home.html
Siemens Corporation,http://siemens.com/global/en/home.html
Siemens Energy,http://siemens.com/global/en/home/products/energy.html
Siemens Industry,http://siemens.com/us/en/home/products/automation.html
Sienna Biopharmaceuticals,http://siennabio.com/
Sienna Labs,http://siennabio.com/
ProNAi Therapeutics,http://sierraoncology.com/
Sierra Sciences,http://sierrasci.com/?p=home
Silicon Genesis Corporation,http://sigen.net/
Sigma-Aldrich Co. LLC,http://sigmaaldrich.com/
Sila Nanotechnologies,http://silanano.com/
Bluestar Silicones France,http://silicones.elkem.com/
Silicor Materials Inc.,http://silicormaterials.com/
Siluria Technologies,http://siluria.com/
Sinewatts,http://sinewatts.com/
Singular Bio,http://singularbio.com/
Singulex,http://singulexclarity.eu/
Sinton Consulting,http://sintoninstruments.com/
Sion Power Corporation,http://sionpower.com/
Solar Junction Corporation,http://sj-solar.com/
St. Jude Medical,http://sjm.com/
Hynix Semiconductor Inc.,http://skhynix.com/eng/index.jsp
SK Hynix Inc.,http://skhynix.com/eng/index.jsp
Skidmore,http://skidmore.edu/
SK Telecom Co.,http://sktelecom.com/index.html
Schlumberger Technology Corporation,http://slb.com/
Smart Planet Technologies,http://smartplanettech.com/
Surebeam Corporation,http://smebeam.com/
Smith & Nephew,http://smith-nephew.com/
SNS NANO FIBER TECHNOLOGY,http://snsnano.com/
SB ENERGY,http://softbank.jp/en/energy/
SOL-ELECTRICA,http://sol-electrica.com/
Sola U.S.A. Inc.,http://sola.at/
SolaBlock LLC,http://solablock.com/
SolAero Technologies Corp.,http://solaerotech.com
Schneider Electric Solar Inverters USA,http://solar.schneider-electric.com/
Solarmer Energy,http://solarmer.com/
SolarReserve Technology,http://solarreserve.com/en/technology
Solar-Tectic LLC,http://solartecticllc.com/
SOLARTONIC,http://solartonic.com/
SolarWorld Americas Inc.,http://solarworld-usa.com/
SOLAZYME,http://solazyme.com/
SOLENA FUELS CORPORATION,http://solenafuels.com/
Solight Solar,http://solight.com/
Soliton Lasers,http://soliton.com/
SunCulture Solar Inc.,http://solpad.com/
Solvay Specialty Polymers USA,http://solvay.com/en
Rhodia Operations,http://solvay.com/en/search/products
Sony Corporation,http://sony.com/
Soraa,http://soraa.com/
Soraa Laser Diode,http://soraalaser.com/
SPC International,http://spc-intl.com
SPICE SOLAR,http://spicesolar.com/
Siliconware Precision Industries Co.,http://spil.com.tw/
SixPoint Materials,http://spmaterials.com/
SRG Global,http://srgglobal.com/
Silicon Storage Technology,http://sst.com/
S&S X-Ray Products,http://ssxray.com/
St. Microelectronics Inc.,http://st.com/content/st_com/en.html
STMicroelectronics Limited,http://st.com/content/st_com/en.html
STMicroelectronics S.A.,http://st.com/content/st_com/en.html
Stablcor Technology,http://stablcor.com/
STANDARD ALCOHOL COMPANY OF AMERICA,http://standardalcohol.com/#!
Stanley Electric Co.,http://stanley.co.jp/e/
Star Technology and Research,http://star-tech-inc.com/
Starlight Energy Holdings LLC,http://starlightenergy.us/
Starsource Scientific LLC,http://starsource.com/about/?41.html
STATS ChipPAC,http://statschippac.com/
Stora Enso Oyj,http://storaenso.com/
Stratasys,http://stratasys.com/
Suganit Systems,http://suganit.com/
Sumco Corporation,http://sumco.com/
Sumitomo Rubber Industries,http://sumitomorubber-usa.com/
Sun Chemical Corporation,http://sunchemical.com/
Suncore Photovoltaics,http://suncoreus.com/
Sun Drilling Products Corporation,http://sundrilling.com/
Sundrop Fuels,http://sundropfuels.com/
SunEdison,http://sunedison.com/
Sungevity Inc.,http://sungevity.com/
