Sandia Corporation,http://www.sandia.gov/cities/,1,100|Resilient|Cities|Sandia|partnership,27
Sandia Corporation,http://www.sandia.gov/about/60-ways/,1,60|impacts,27
Sandia Corporation,http://www.sandia.gov/about/index.html,1,About,27
Sandia Corporation,http://www.sandia.gov/about/mission/index.html,1,Mission,27
Sandia Corporation,http://www.sandia.gov/about/history/index.html,1,History,27
Sandia Corporation,https://www.sandia.gov/about/history/index.html,1,None,27
Sandia Corporation,http://www.sandia.gov/about/community/index.html,1,Community|Involvement,27
Sandia Corporation,http://www.sandia.gov/about/diversity/index.html,1,Diversity,27
Sandia Corporation,http://www.sandia.gov/about/leadership/index.html,1,Leadership,27
Sandia Corporation,http://www.sandia.gov/about/environment/index.html,1,Environmental|Responsibility,27
Sandia Corporation,http://www.sandia.gov/about/social_media/index.html,1,Social|Media,27
Sandia Corporation,http://www.sandia.gov/about/facts_figures/index.html,1,Facts|&|Figures,27
Sandia Corporation,http://www.sandia.gov/about/diversity/index_old.html,1,Diversity,27
Sandia Corporation,http://www.sandia.gov/about/community/volunteer_programs.html,1,Volunteer|Programs,27
Sandia Corporation,http://www.sandia.gov/news/publications/partnerships/index.html,1,Partnerships|Annual|Report,27
Sandia Corporation,http://www.sandia.gov/about/community/contribution_programs.html,1,Contribution|Programs,27
Sandia Corporation,http://www.sandia.gov/about/community/education_programs/index.html,1,Education|Programs,27
Sandia Corporation,http://www.sandia.gov/working_with_sandia/agreements/nfe/index.html,1,"Strategic|Partnership|Projects,|Non-Federal|Entity|(SPP/NFE)|Agreements",27
Sandia Corporation,http://www.sandia.gov/resources/employees/corporate_forms/index.html,1,Corporate|Forms,27
Sandia Corporation,http://www.sandia.gov/missions/nuclear_weapons/about_nuclear_weapons.html,1,About|Nuclear|Weapons,27
Sandia Corporation,http://www.sandia.gov/missions/defense_systems/about_defense_systems.html,1,About|Defense|Systems|&|Assessments,27
Sandia Corporation,http://www.sandia.gov/working_with_sandia/technology_partnerships/c3.html,1,Center|for|Collaboration|&|Commercialization|(C3),27
Sandia Corporation,http://www.sandia.gov/working_with_sandia/technology_partnerships/index.html,1,Technology|Partnerships,27
Sandia Corporation,http://www.sandia.gov/working_with_sandia/technology_partnerships/government.html,1,Government,27
Sandia Corporation,http://www.sandia.gov/about/environment/environmental_management_system/index.html,1,Environmental|Management|System,27
Sandia Corporation,http://www.sandia.gov/working_with_sandia/technology_partnerships/universities/index.html,1,Universities,27
Sandia Corporation,http://www.sandia.gov/working_with_sandia/technology_partnerships/business_industry_nonprofits/index.html,1,"Business,|Industry,|&|Non-Profits",27
Sandia Corporation,https://www.sandia.gov/,0,,27
