DISCOVERYBIOMED INC.,https://discoverybiomed.com/about/
Dentsply International,https://corporate.dentsplysirona.com/en/about-dentsply-sirona.html
Dentsply International,https://corporate.dentsplysirona.com/en/about-dentsply-sirona/history.html
Dentsply International,https://corporate.dentsplysirona.com/en/about-dentsply-sirona/education.html
Dentsply International,https://corporate.dentsplysirona.com/en/about-dentsply-sirona/innovation.html
Dentsply International,https://corporate.dentsplysirona.com/en/about-dentsply-sirona/mission-vision.html
Dentsply International,https://corporate.dentsplysirona.com/en/about-dentsply-sirona/executive-team.html
Dentsply International,https://corporate.dentsplysirona.com/en/about-dentsply-sirona/compliance-ethics.html
Dentsply International,https://corporate.dentsplysirona.com/en/about-dentsply-sirona/board-of-directors.html
Dentsply International,https://corporate.dentsplysirona.com/en/about-dentsply-sirona/innovation/certifications.html
Dentsply International,https://corporate.dentsplysirona.com/en/about-dentsply-sirona/executive-team/nick-alexos.html
Dentsply International,https://corporate.dentsplysirona.com/en/about-dentsply-sirona/executive-team/donald-casey.html
G.D.O. Inc,https://www.golfdigest.co.jp/company/privacy.html
G.D.O. Inc,https://www.golfdigest.co.jp/company/recruit/index.html?car=top_hr_b
OFS Fitel,https://www.ofsoptics.com/about/
OFS Fitel,https://www.ofsoptics.com/our-values/
OFS Fitel,https://www.ofsoptics.com/dispersion-management/
OFS Fitel,https://www.ofsoptics.com/executive-leadership-team/
Dow AgroSciences LLC,http://www.dowagro.com/en-us/about-dow-agrosciences
Dow AgroSciences LLC,http://www.dowagro.com/en-us/about-dow-agrosciences/commitment
Dow AgroSciences LLC,http://www.dowagro.com/en-us/newsroom/pressreleases/2018/02/dowdupont-agriculture-division-to-become-corteva-agriscience
Crestovo LLC,http://www.crestovo.com/about/#contact-us
