"lookup_firm","mean_i2017y"
"22nd Century Limited",0.142857142857143
"3M Innovative Properties Company",12.7063011747953
"540 Grid Solutions",3.66666666666667
"646840 Alberta",5.5968992248062
"AAC Technologies Pte",0.33
"Aadigen",1
"ABB AB",7.44444444444444
"ABB Research",6.46194503171247
"ABB Technology",1.51079136690647
"Abbott Cardiovascular Systems",2.88461538461538
"Abbott Molecular",0.166666666666667
"Abbott Point of Care",3.37142857142857
"AbbVie",3.63207547169811
"Abengoa Bioenergy New Technologies",0.4375
"ABL IP Holding",4.98611111111111
"Ablexis",0
"Abraxis Bioscience",11.1206896551724
"AC",14.2285714285714
"ACACIA RESEARCH GROUP",0.666666666666667
"Access Business Group",22.3549382716049
"AccuRay",19.5744680851064
"Accuri Cytometers",8.41935483870968
"ACell",17.09375
"Acer",6.44210526315789
"Acorn Technologies",27.2307692307692
"ACUCELA",5.88636363636364
"Acushnet Company",17.5856469355684
"Adaptive Biotechnologies Corp",1.06666666666667
"adaptiveARC",0.857142857142857
"ADASA",6.875
"Adeka",4.01423487544484
"Adhesives Research",10.75
"adidas AG",8.49264705882353
"Adlens Beacon",1.14285714285714
"ADMA Products",4
"Adobe Systems",7.52735513111039
"Adtran",6.97210300429185
"Advanced Analogic Technologies",9.30057803468208
"Advanced Aqua Group",0
"Advanced Cardiovascular Systems",69.4930693069307
"Advanced Cell Technology",5.9
"ADVANCED CERAMIC FIBERS",1.75
"Advanced Fusion Technologies",12.8
"ADVANCED INNOVATION CENTER",0
"Advanced Silicon Group",0.25
"Advanced Technology Materials",26.3796940194715
"Advanced Water Technology",19.5714285714286
"Adynxx",3
"Aerogen",34.3972602739726
"Aerosol Dynamics",4.78571428571429
"AFMODEL",0
"AG ENERGY SOLUTIONS",0.333333333333333
"AGC Flat Glass North America",1.97435897435897
"Agena Bioscience",0
"AGFA-GEVAERT NV",7.23350659736106
"Agienic",0.833333333333333
"Agilent Technologies",11.9230769230769
"Agrigenetics",1.91349480968858
"Agrivida",1.875
"AgroFresh",2.5
"AIR PRODUCTS AND CHEMICALS",12.0420875420875
"Ajinomoto Althea",0.25
"Akron Polymer Systems",0.333333333333333
"Alcatel Lucent",2.29398462234283
"Alcon Research",1.99684542586751
"Alcotek",15.44
"Alencon Acquisition Co",9
"Alexion Pharmaceuticals",6.40196078431373
"ALF OPERATING PARTNERS",1.75
"Algenol Biotech",0.166666666666667
"ALGETERNAL TECHNOLOGIES",0
"All Power Labs",1
"Allertein Therapeutics",2.2
"Alliance for Sustainable Energy",3.24590163934426
"Allison Transmission",0.925925925925926
"Alnylam Pharmaceuticals",5.14163090128755
"Alpha and Omega Semiconductor",2.58024691358025
"ALSTOM Technology",3.04674945215486
"AltaRock Energy",0.714285714285714
"Altex Technologies",11.5714285714286
"Altivera",49.6666666666667
"Amazon Technologies",4.63607275176827
"Ambature",1
"Amberwave",0
"American Air Liquide",9.61656441717791
"AMERICAN BIO ENERGY CONVERTING CORP",2.5
"American Piledriving Equipment",10.9777777777778
"American Science and Technology",0
"Amgen",9.55582524271845
"Amgen Fremont",4.94366197183099
"Amicus Therapeutics",0.6
"Amkor Technology",24.0973654066438
"AMO Wavefront Sciences",4.35897435897436
"Ampio Pharmaceuticals",0.941176470588235
"Amprius",3.66666666666667
"AMPT",30.4782608695652
"Amtech Systems",5.26666666666667
"Analog Devices",10.5729452054795
"Andritz",2.22368421052632
"Aneeve",0
"Anelva",33.1088264794383
"Angaza Design",0
"Angiotech Pharmaceuticals (US)",45.92
"Angstron Materials",0
"Anlinx",0
"Annam Biosciences",0
"Ansun Biopharma",1
"Antaya Technologies",4.92682926829268
"Anterios",7.11111111111111
"API Intellectual Property Holdings",1.06451612903226
"Apple",5.47524184292507
"Applied Biosystems",9.77801724137931
"Applied Genetic Technologies",0.4
"Applied Materials",18.6423225806452
"APPLIED MATERIALS ISRAEL",2.72908366533865
"Applied Membrane Technologies",30.4285714285714
"Applied NanoStructured Solutions",1.5
"Applied Nanostructures",1.66666666666667
"Applied Optoelectronics",3.93877551020408
"APPLIED STEMCELL",0
"APPLIED SUNSHINE",0
"ARBOR THERAPEUTICS",0.6
"Arch Biosurgery",0
"Archer Daniels Midland Company",5.23157894736842
"Arcturus Therapeutics",0.777777777777778
"Areesys Technologies",0
"Arisaph Pharmaceuticals",0.333333333333333
"Arkema",2.85454545454545
"Arkival Technology Corp",1.33333333333333
"Armageddon Energy",0.5
"Arpin Renewable Energy",2
"Arrowhead Center",15.047619047619
"Asahi Kasei Kabushiki Kaisha",7.35221674876847
"ASCENT SOLAR TECHNOLOGIES",3.94117647058824
"Aseptia",1.60869565217391
"ASM America",19.5870967741935
"ASM IP HOLDING BV",7.54166666666667
"ASM IP Holdings",0
"ASML Netherlands BV",4.76239743132358
"Astech",29.1818181818182
"AstenJohnson",6.54320987654321
"Astex Pharmaceuticals",2
"ASTUTE MEDICAL",23.875
"AT&T",27.2802395209581
"ATC Technologies",19.1516936671576
"ATI Technologies ULC",9.33528722157093
"Atleisure",0
"Atom Nanoelectronics",0
"ATOMERA",0
"Atomic Energy Council-Institute of Nuclear Energy Research",0.865771812080537
"Atonometrics",1.25
"Atotech Deutschland",4.40512820512821
"Atrium Medical",37.1318681318681
"ATTOSTAT",0
"aTyr Pharma",4.08474576271186
"Aurora Alage",3.7
"Aurrion",1.12820512820513
"Aushon Biosystems",1.28571428571429
"Auterra",4.23529411764706
"Autonomic Materials",0
"Avago Technologies General IP (Singapore) Pte",2.69789674952199
"Avalanche Technology",2.55555555555556
"Avant Garde Therapeutics & Technologies",0.333333333333333
"Avantor Performance Materials",1.1875
"Avello Bioenery",6.5
"Avertech",11
"Avery Dennison",13.3492349234923
"AVI BioPharma",20.8367346938776
"AVOGY",1.05263157894737
"Avon Products",8.23952095808383
"Avtaec Limited",3.5
"AxioMx",0
"AZ Electronic Materials (Luxembourg) SARL",0.833333333333333
"Babcock Power Services",0.565217391304348
"BAE Systems Information and Electronic Systems Integration",5.46779964221825
"Baker Hughes",13.0294767870302
"Bakersun",0
"Banpil Photonics",4
"Basell Polyolefine",4.8239608801956
"BASF",9.97895699908509
"BASF Coatings",4.51889168765743
"BASF Enzymes",0.0666666666666667
"BASF Plant Science",1.44907407407407
"BASF SE",0.669426751592357
"Battelle Energy Alliance",5.29381443298969
"Battelle Memorial Institute",17.2107936507937
"Bausch & Lomb",22.1627358490566
"BAXALTA",0.895104895104895
"Baxter",35.3123107971746
"Baxter Healthcare SA",7.02191780821918
"Bayer Cropscience AG",1.73352999016716
"Bayer Materialscience",1.86875891583452
"BCE",4.53254437869822
"Bechtel Hydrocarbon Technology Solutions",0
"Becton",94
"Beijing BOE Display Technology Co",0.0555555555555556
"Bell Helicopter Textron",4.97567567567568
"Bemis Company",12.4634146341463
"Bend Research",20.1972789115646
"BERKEN ENERGY",0.5
"Beryllium Discovery Corp",0
"Bestway",0.714285714285714
"BG Negev Technologies and Applications",3.875
"BHA Technologies",16.0757575757576
"Bi-Modal",12.4117647058824
"Big Belly Solar",0
"Bigelow Aerospace",2.34782608695652
"BIND Therapeutics",20.7666666666667
"Bio-Rad Laboratories",7.78974358974359
"Biocare Medical",3.66666666666667
"Biocon Limited",7.58730158730159
"Biogenic Reagents Ventures",0
"Biological Dynamics",5.71428571428571
"BioNano Genomics",2.625
"Bioneer",3.93877551020408
"Biosense Webster (Israel)",0.826815642458101
"Biosphere Medical",16.2758620689655
"Biotechnology Foundation",0
"bioTheranostics",8
"Biotta",0
"Biozoom Technologies",0.5
"Bird-B-Gone",4.22448979591837
"Bisco",27.3684210526316
"Bitrode",6.60526315789474
"BlackBerry Limited",1.10032282095853
"BLANC VINEYARDS LLC",0
"Blue Sea Systems",4.66666666666667
"Bluestar Silicones France",0.858585858585859
"BOE Technology Group Co",0.0916824196597354
"Boehringer Ingelheim",7.70982658959538
"Boehringer Ingelheim Vetmedica",4.91891891891892
"BOLTIER R&D",0
"Bosch Energy Storage Solutions",0
"Bostik",7.17073170731707
"Boston Scientific Neuromodulation",7.52733485193622
"Boston Scientific Scimed",11.2133668903803
"BP North America",6.76388888888889
"Braun Intertec Geothermal",0
"Brewer Science",10.722972972973
"Bridgelux",2.71808510638298
"Bridgestone",7.12253829321663
"Brightfield Transportation Solutions",0
"BRIGHTLEAF TECHNOLOGIES",0
"Bristol-Myers Squibb Company",10.1106890938687
"BROADCOM",5.44349796103308
"Brookhaven Science Associates",7.34256055363322
"BROOKLYN QUANTUM WORKS",0
"Brother",7.86666666666667
"Brother Kogyo Kabushiki Kaisha",4.13496677740864
"Bruin Biometrics",1
"BTPATENT",8.25
"BTU",13.1647058823529
"Buckman Laboratories",8.61256544502618
"Building Envelope Innovations",0
"Butamax(TM) Advanced Biofuels",12.0737704918033
"CA",4.80201649862511
"Cabot",19.1104651162791
"Cadence Design Systems",9.57775119617225
"Calient Technologies",1.05714285714286
"California Industrial Facilities Resources",0.4
"Callahan Cellular LLC",0.166666666666667
"Calysta",0
"Cambridge Electronics",1
"CAMBRIDGE ENTERPRISE LIMITED",2.26219512195122
"Canon",12.8414634146341
"Canon Kabushiki Kaisha",9.2876243248712
"Canon Nanotechnologies",0.192307692307692
"Canon US Life Sciences",2.01388888888889
"CAPAT",1.33333333333333
"CARBO Ceramics",11.09375
"Carbon3D",3.42857142857143
"Cardiac Pacemakers",23.690440515433
"Cardiva Medical",4.0625
"Carestream Health",3.06105263157895
"Caribou Biosciences",1.2
"Carl Zeiss Meditec AG",5.88915375446961
"Carl Zeiss Microscopy",0.30241935483871
"Carver Scientific",6.88888888888889
"Casio Computer Co",11.7583738906384
"Cavium",1.9265306122449
"Cbrite",5.38461538461539
"Cedar Ridge Research",18.9230769230769
"Celanese",12.6374305126621
"CellPrint IP Holding",0
"CELLTRION",2.58333333333333
"Cellular Research",4.54545454545455
"Centre de Recherche Industrielle du Quebec",14.9189189189189
"Ceramatec",12.0537634408602
"CERION",0.352941176470588
"Certain-teed",9.04524886877828
"Cetac Technologies",13.2830188679245
"Cetus",22.3426773455378
"Cheil Industries",1.76368491321762
"Chemtreat",2.32
"Chevron Oronitz Company",2.62650602409639
"Chevron Phillips Chemical Company LP",7.7770154373928
"Chevron USA",5.27997565429093
"Child Laboratories",8.32
"Chipmos Technologies",4.2896174863388
"Chiron",45.2709335899904
"Christie Digital Systems",1.06666666666667
"Chromalox",12.1052631578947
"Cima NanoTech Israel",2.09090909090909
"Cisco Technology",12.4013923013923
"Claret Medical",17.4722222222222
"Clean Energy Labs",0.235294117647059
"Cleanvantage",0
"Clearside Biomedical",1
"CLEARSIGN COMBUSTION",4.77142857142857
"CMC ICOS BIOLOGICS",0
"CNH Industrial America",0.4
"Coactive Drive",33.5
"Codexis",2.18957345971564
"Coleman Cable",21
"Colgate-Palmolive Company",13.9941250524549
"Coloplast A/S",6.63883495145631
"Columbia Insurance Company",3.4021164021164
"Combined Energies",0
"Commonwealth Scientific & Industrial Research Organization",9.30267753201397
"Community Power",1.66666666666667
"Complete Genomics",2.74
"Component Re-Engineering Company",0
"Conexant Systems",17.7573812580231
"Confluence Energy",0
"Conoco",10.8244985673352
"ConocoPhillips Company",5.12563667232598
"Continental Manufacturing",8.75
"Conversant Intellectual Property Management",0.591549295774648
"Cook Biotech",12.7835051546392
"COOK MEDICAL TECHNOLOGIES",2.16257408975445
"Cool Planet Energy Systems",0.692307692307692
"CoolEarth Solar",6
"Cooper Technologies Company",5.03947368421053
"Copernicus Therapeutics",1.25
"Coriant Advanced Technology",1
"Cornell Research Foundation",22.6210596914822
"Corporation for National Research Initiatives",26.2307692307692
"Courtagen Life Sciences",0.8
"COVERIS FLEXIBLES US",0
"Covidien LP",9.88458015267176
"CP KELCO APS",1.8
"CP Kelco US",3.6530612244898
"CPC",10.4814814814815
"CPT IP Holdings",0
"Cree",11.3257942918686
"Crepaco",13.4
"Crestovo",0.32258064516129
"Cristal USA",1.10714285714286
"Cross Match Technologies",17.5441176470588
"Crossbar",12.8310810810811
"Crystal Solar",0.714285714285714
"Crystalplex",0
"CSEM Centre Suisse d'Electronique et de Microtechnique SA-Recherche et Developpement",4.95522388059702
"CUMMINS FILTRATION IP",2.68571428571429
"Cura Vac",0
"Custom Electronics",0
"CYBERCITY 3D",0
"Cyberonics",64.614406779661
"CyboEnergy",0.5
"CYKL Technology",4.66666666666667
"Cymatics Laboratories Corp",0.333333333333333
"Cypress Semiconductor Corp",11.9520720720721
"D-Wave Systems",10.5325443786982
"Da Yu Enterprises LLC",3.5
"Daikin Industries",5.1637347767253
"Dana",10.9163568773234
"Dana-Farber Cancer Institute",7.84738955823293
"Danisco US",0.972477064220184
"Daylight Solutions",11.1944444444444
"DCG SYSTEMS",20.1617647058824
"DECA Technologies",7.39130434782609
"Deep Science",0.0526315789473684
"Deep Well Power",0
"DEKA Products Limited Partnership",28.2745098039216
"Delavau",6.13333333333333
"Dell Software",1.42953020134228
"Delphi Technologies",8.59565563969709
"Delta Electronics",4.01765030336459
"Denso",5.71087533156499
"Dentsply",4.98823529411765
"Deployable Space Systems",2
"DePuy Synthes Products",2.19907834101382
"Dermazone Solutions",2.16666666666667
"Dexerials",0.511111111111111
"DHPC TECHNOLOGIES",0
"Dialight",19.1578947368421
"Dialogic",12.8153846153846
"Diamicron",41.7906976744186
"Diamond Innovations",5.12987012987013
"DIC",13.9124343257443
"Digital Wind Systems",0.2
"DiscoveRx",1.6
"DISCOVERYBIOMED",0
"Disney Enterprises",3.5479797979798
"DNA Twopointo",1.75
"DNA20",22.7435897435897
"Dogwood Pharmaceuticals",17.1904761904762
"Dolby Laboratories Licensing",9.54065934065934
"Domtar Paper Company",0
"Dongbu Hitek Co",1.18372093023256
"Dow AgroSciences",3.1829134720701
"Dow Corning",13.8169934640523
"Dow Global Technologies",3.76372509150061
"Dow Technology Investments",0.538461538461538
"DPD",21.4761904761905
"DPx Holdings BV",0
"Dr Reddy's Laboratories",0.64
"Dresser-Rand Company",6.38245614035088
"DRS Network &#x26; Imaging Systems",0.25
"DSP Group",12.411214953271
"DuPont Teijin Films US Limited Partnership",2.48484848484848
"Dymax",14.5102040816327
"Dynamic Solutions Worldwide",0
"E I du Pont de Nemours and Company duPont Displays",8.5
"E Ink",96.5638629283489
"E Techorporation",2.33333333333333
"Easel Biotechnologies",0.333333333333333
"Eastman Chemical Company",10.4455147501505
"Eastman Kodak Company",13.7872209318861
"Eaton",11.7254207263065
"Echogen Power Systems",7.125
"EchoStar Technologies",3.02147239263804
"Ecolab",11.1826024442847
"ECOSYNTHETIX",7.30769230769231
"Ecovative Design",0.375
"Egenera",9.125
"Eisai Co",7.58510638297872
"ELC Management",1.31210191082803
"Elcriton",0
"ElectraTherm",6.92
"Electrix",2.57142857142857
"Electronic Warfare Associates",15.9473684210526
"Electrovaya",18
"Element One",0.333333333333333
"Elenion Technologies",0.2
"Elwha",0.973372781065089
"Em-Tech",4.25
"Embro",16.7073170731707
"EMC",15.9019798136646
"EMD Technologies",29.9179104477612
"Empire Technology Development",0.825089605734767
"Energen",2.41176470588235
"ENERGY ENGINEERING SYSTEMS",1
"ENERGY INDEPENDENCE OF AMERICA CORP",0
"Energysolutions",0.727272727272727
"Enginuity Worldwide",0.5
"Englewood Lab",0.5
"ENI SpA",2.41630901287554
"ENI Technology",12.9
"eNow",10
"Ensyn Renewables",5.36
"Entech Solar",0.25
"Entegris",4.69553072625698
"Envision Solar",2.66666666666667
"Envisionit",3.46666666666667
"EPCOS AG",3.85737704918033
"Epizyme",5.14516129032258
"ESCAPE THERAPEUTICS",0.3
"eSionic Corp",0
"Esolar",2.4
"Ethicon Endo-Surgery",128.676702862784
"Ethox Chemicals",6.1
"Evernote",2.5
"Everspin Technologies",2.97311827956989
"Evoqua Water Technologies",0.735632183908046
"Evri",19
"Exatec",5.12765957446809
"Excelsior Nanotech",0
"EXOS",0.25
"Express Imaging Systems",5.44736842105263
"Extech/Exterior Technologies",7.78947368421053
"ExxonMobil Chemical Patents",5.1650021710812
"ExxonMobil Research and Engineering Company",4.3159073935773
"ExxonMobil Upstream Research Company",7.86574654956085
"Facebook",3.19219219219219
"Fairchild Semiconductor",12.7352697095436
"FastCAP Systems",1.3
"Faurecia Interior Systems",1.66129032258065
"Federal Signal",16.2978723404255
"FEI Company",6.06818181818182
"Fenwal",1.9609375
"Ferric",7.44444444444444
"Ferro",10.895
"Fezza Family Properties",0.5
"FHT",12.1
"Fianium",1.75
"Fike",9.61137440758294
"Fina Technology",8.68272425249169
"Finisar",6.48273215656178
"First Solar",4.28571428571429
"Flextronics AP",3.19154929577465
"FLIR Systems",5.41333333333333
"Floadia",0
"FLOW CONTROL",0.125
"Fluidigm",23.5538461538462
"Ford Global Technologies",6.37527383560339
"Forest Concepts",2.90322580645161
"Foret Plasma Labs",12.0769230769231
"Formula Plastics",1
"FPInnovations",0.678571428571429
"Freescale Semiconductor",4.51906052393857
"FRONT EDGE TECHNOLOGY",17.6086956521739
"Fuji Electric Co",5.22756914774005
"Fuji Xerox Co",6.47913365029054
"FUJIFILM",1.94975476839237
"FUJIFILM Dimatix",2.3013698630137
"Fujitsu Limited",10.1135775284911
"Fujitsu Semiconductor Limited",1.37364620938628
"FULL CIRCLE BIOCHAR",6.25
"Furukawa Electric Co",7.3021686746988
"FutureWei Technologies",1.45649263721553
"fybr",0.4
"Galectin Therapeutics",1.5
"Galemed",6.57142857142857
"GangaGen",2.33333333333333
"Gardner-Gibson",0
"Garland Industries",1.84615384615385
"Garrity Power Services",0.5
"Gas Technology Institute",5.89304812834225
"GCP Applied Technologies",0
"GDO",6.39024390243902
"GE Healthcare Dharmacon",0.111111111111111
"GE Healthcare Limited",1.63101604278075
"GE-Hitachi Nuclear Energy Americas",0.625
"GED Intergrated Solution",3.51063829787234
"Gemex Systems",2.5
"GEN-PROBE",16.0668058455115
"GENCO SCIENCES",0
"Genentech",14.7399267399267
"GENERAL ELECTRIC COMPANY",12.3802326713396
"GENERAL MOTORS",14.8136297903109
"Genesco",14.8604651162791
"Genia Technologies",2.5
"Genisphere",0.230769230769231
"Genomatica",4.1219512195122
"Genomic Health",4.76190476190476
"Genzyme",33.4375
"George Mason Research Foundation",1.91304347826087
"Georgia-Pacific Gypsum",1.9375
"GeoSynFuels",8
"GEOTHERMAL ENERGY PROJECT",0
"Gestion Ultra",2.75
"GIGA SOLAR FPC",0
"Gilead Biologics",1.76923076923077
"Gilead Connecticut",6
"Gilead Sciences",16.9466403162055
"GlassPoint Solar",4.77777777777778
"GlaxoSmithKline Biologicals SA",1.32110091743119
"GLIKNIK",1
"Global Eagle Entertainment",0
"Global Filtration Systems",1.13333333333333
"Global OLED Technology",3.98854961832061
"Global Solar Water Power Systems",0.5
"GLOBALFOUNDRIES",1.10021727322108
"Globus Medical",9.09677419354839
"Glucan Biorenewables",0
"GLYCON",11.5454545454545
"GM Global Technology Operations",2.42963102056145
"GOAL ZERO",1.63636363636364
"GOJO Industries",7.62100456621005
"GOLBA",6.59375
"Google",4.46088657105606
"GOOGLE TECHNOLOGY HOLDINGS",0.624190064794816
"GOSOLARLIFE",0
"GR Intellectual Reserve",5.73684210526316
"Gracenote",10.0540540540541
"Grain Processing",8.97709923664122
"Gram Power",1
"Grandis",50.5677966101695
"Graphene Technologies",0
"Great American Duck Races",3
"Greatbatch",6.77777777777778
"Green Box Batteries",0
"Green Extraction Technologies",0.5
"Green Solar Transportation",0
"GREENFIELD MASTER IPCO LIMITED",0.5
"GREENHILL ANTIBALLISTICS",1.5
"Greyrock Energy",0.833333333333333
"GROW ENERGY",0
"Gtech",13.6932826362484
"GTherm",1.25
"Guardian Industries",13.0912863070539
"Gula Consulting Limited Liability Company",0.0833333333333333
"H R D",1.925
"Hadasit Medical Research Services & Development Company",4
"Haier US Appliance Solutions",0.0514285714285714
"Halliburton Energy Services",15.7102272727273
"HAMAMATSU PHOTONICS KK",6.75755667506297
"Hamilton Sundstrand",3.34018264840183
"Handstand Innovations",0.5
"Handylab",32.2741935483871
"HARMAN INDUSTRIES",6.71804511278195
"Harris",16.5484662576687
"Headway Technologies",6.1134328358209
"Heat Seal",0
"Heidelberger Druckmaschinen AG",5.40702087286528
"Heliae Development",11.5428571428571
"Helios Focus",3.5
"Henkel AG & Co KGaA",0.76038338658147
"Heraeus Precious Metals North America Conshohocken",0.7
"Hewlett Packard Enterprise Development LP",0.11682892906815
"Hewlett-Packard Development Company LP",7.75943141016182
"Hewlett-Packard Indigo BV",0.830882352941177
"HGST NETHERLANDS BV",1.83196721311475
"HIQ SOLAR",0
"Hitachi",14.164160235982
"Hitachi High-Technologies",2.18059901654001
"Hitachi Metals",5.69216417910448
"HM&#xb3; ENERGY",0
"HNO Greenfuels",1.75
"Hollingsworth & Vose Company",10.6575342465753
"Hollywood Trucks",0
"Hon Hai Precision Industry Co",3.67044750216933
"Honda Motor Co",2.79862484694358
"Honeywell",10.7695859289117
"Hosiden",8.32114882506527
"HOWARD INDUSTRIES",7.04761904761905
"Hoya",5.99715234931182
"HRL Laboratories",8.79931389365352
"HTC",4.54686446392448
"HTS",2.16666666666667
"Humanetics",8.54285714285714
"Hunt Energy Enterprises",1.28
"Hunter Douglas",12.8457711442786
"Hynix Semiconductor",3.48466848611334
"Hysitron",12.9444444444444
"Hyundai Motor Company",2.00283537125642
"IBC Pharmaceuticals",22.0103092783505
"iBio",3.75
"Ibis Biosciences",5.95180722891566
"IDEA TREE",0
"Ideal Power",0.275
"IDEALAB",19.375
"IDEX Health &#x26; Science",0.888888888888889
"Ignis Innovation",10.1764705882353
"II-VI",1.72222222222222
"III HOLDINGS 1",0.452127659574468
"Illinois Tool Works",8.22326700196807
"IMDS",10.3906976744186
"IMEC",3.30988593155894
"Immunolight",2.09090909090909
"Immunopath Profile",9.94117647058824
"Imperial Innovations Limited",2.31067961165049
"IMRA America",25.8206106870229
"Inaeris Technologies",3.5
"iNanoBio",1
"Incept",63.2
"Incyte Holdings",2.34
"Industrial Origami",12.3333333333333
"Industrial Science & Technology Network",2
"Industrial Solar Heating Systems",0
"Industrial Technology Research Institute",6.59237450316502
"INENTEC",3.38461538461538
"Infineon Technologies AG",4.33266793959382
"Infineon Technologies Americas Corp",0.214765100671141
"Infinera",3.85645933014354
"INFINEUM LIMITED",2.92567567567568
"Innolux",0.432835820895522
"Innovalight",7.68571428571429
"Innovation Hammer",1.66666666666667
"Inphenix",0.5
"Instron",9.53030303030303
"Integrated Device Technology",11.1906158357771
"Integrated DNA Technologies",3.72340425531915
"Integrated Nano-Technologies",5
"Integrated Solar Technology",7.5
"Intel",13.5690674025857
"INTEL IP",0.443438914027149
"Intellectual Keystone Technology",0.833333333333333
"Intercontinental Great Brands",0.517241379310345
"Interez",5.19444444444444
"Interface Performance Materials",0
"Intermolecular",1.74408901251739
"International Business Machines",14.6275857100403
"International Technology",9.22
"INTEVAC",10.2649572649573
"Intrexon CEU",0
"IntriEnergy",0
"Intuitive Surgical Operations",11.0567260940032
"Invensas",4.02555910543131
"Inventus Holdings",0.363636363636364
"InView Technology",2
"InVisage Technologies",14.0597014925373
"INVISTA North America Sarl",2.77049180327869
"Iogen",9.03846153846154
"Ion Power Group",1
"Isis Pharmaceuticals",22.4126126126126
"ITN Energy Systems",4.6
"Ivoclar Vivadent AG",4.36032388663968
"J E WHITE",0
"JAC Products",8.64210526315789
"Janssen Biotech",0.917355371900826
"JFE STEEL",1.04761904761905
"JNC",2.77505112474438
"Johns Manville",6.01691729323308
"Johnson & Johnson Consumer Companies",9.11032028469751
"Johnson &#x26; Johnson Vision Care",14.6405594405594
"Johnson Controls Technology Company",10.8111111111111
"Johnson Matthey PLC",8.61382113821138
"JOLED",1.18604651162791
"Joule Unlimited Technologies",2.76923076923077
"JSI Equipment Solutions",0.5
"JSR",6.60278053624628
"JX Nippon Mining & Metals",1.26377952755906
"k-Space Associates",1.33333333333333
"Kabushiki Kaisha Eighting",14.6923076923077
"Kabushikikaisha Toshiba",10.3451148081334
"KAI Pharmaceuticals",1.81818181818182
"Kajima",11.1619718309859
"Kala Pharmaceuticals",1.26315789473684
"Kamtec",11.4130434782609
"Kaneka",4.68826619964974
"Kansai Paint Co",6.66323024054983
"Kansei",14.4418604651163
"Kao",7.54779050736498
"Karsten Manufacturing",10.9345238095238
"Kashiv Pharma",0
"Kawasaki Jukogyo Kabushiki Kaisha",5.11579572446556
"Kemira OY",2.94594594594595
"Kerr",14.0919540229885
"Kia Motors",1.31460674157303
"Kimberly-Clark Worldwide",16.9989972424166
"Kinestral Technologies",1.65
"Kinetech Power Company",0
"King Electric Vehicles",0
"KINO",3.4
"Kiverdi",0
"KJ BIOSCIENCES",0
"KLA-Tencor",9.13588110403397
"Kobe Steel Limited",3.14646464646465
"Koch Biological Solutions",0
"Kodak Alaris",0.608695652173913
"KOLO TECHNOLOGIES",16.5142857142857
"KOLON INDUSTRIES",2.33816425120773
"Korea Kumho Petrochemical Co",3
"KR Design House",0
"Kraton Polymers US",5.04635761589404
"Kronos",7.83673469387755
"KS CO",12.7777777777778
"kSep Systems",0
"KT",6.54041095890411
"KUBIX",1.33333333333333
"Kulite Semiconductor Products",10.8662613981763
"Kureha",5.43303571428571
"KYOCERA DOCUMENT SOLUTIONS",0.224628450106157
"L-3 Communications Cincinnati Electronics",1.29411764705882
"Lake Lite",1.66666666666667
"Lam Research",10.4496703296703
"Landauer",5.46808510638298
"Laserline Mfg",6.1
"LATITUDE PHARMACEUTICALS",0
"Lattice Semiconductor",9.47553516819572
"LAVA ENERGY SYSTEMS",0
"Lawrence Livermore National Security",1.9603825136612
"Lehigh Technologies",2.35714285714286
"Lextar Electronics Corp",0.764044943820225
"LG Bionano",0
"LG Display Co",1.24856096284668
"LG Electronics",3.67699242351587
"LG NANOH2O",0
"LGS Innovations",0.730769230769231
"Life Technologies",8.6679012345679
"LifeNet Health",6.95652173913043
"Linne Industries",0
"Lintec",7.16481481481481
"Lion Copolymer Geismar",0.590909090909091
"LIQUID X PRINTED METALS",0
"Liquidia Technologies",2.71428571428571
"Litron Laboratories Limited",4.35
"Little Kids",8.375
"Livetv",6.39393939393939
"Lockheed Martin",7.95835261453031
"Locus Energy",0.111111111111111
"Lof Solar",0
"Longhorn Vaccines and Diagnostics",2.94117647058824
"LORDO AMERICA",0
"Los Alamos National Security",2.73006134969325
"Lovelace Respiratory Research Institute",6.4
"LUCERA LABS",0
"Lumenco",0.25
"Lumentum Operations",0.310344827586207
"Luna Innovations",17.5625
"Lux Bio Group",1.33333333333333
"Lyotropic Therapeutics",9.65
"Ma-West",1.6875
"Macronix Co",7.71568272365085
"Magna",5.97777777777778
"Magnachip Semiconductor",1.53674121405751
"Magnolia Optical Technologies",4.14285714285714
"Magnolia Solar",0.375
"MAHLE",1.93255131964809
"Mainstream Engineering Corp",11.6705882352941
"Mallinckrodt",18.0770348837209
"Manta Instruments",0
"MANUFACTURING RESOURCES",4
"Marathon Equipment Company",6.625
"Marine Biotech",1
"Marine Polymer Technologies",15.5
"Markel",12.679012345679
"Masimo Semiconductor",78.3333333333333
"Materia",9.58064516129032
"MATERIALS ANALYSIS TECHNOLOGY (US) CORP",0.666666666666667
"Matrix Genetics",1
"Matrix Odyssey",0
"Mattson Technology",16.987012987013
"Maxim Integrated Products",6.58498435870699
"MAXLINEAR",0.979310344827586
"Maxout Renewables",0.833333333333333
"MBC Ventures",16.0909090909091
"McAlister Technologies",3.875
"McElroy Manufacturing",5.27777777777778
"MCI",17.7290836653386
"Medgenics Medical Israel",4.42857142857143
"Mediatek",2.03782894736842
"Medical Diagnostic Laboratories",0.409836065573771
"Medicis Pharmaceutical",3.11475409836066
"MEDport",9.66666666666667
"Medtronic Vascular",15.8722222222222
"Merck Patent",2.6613475177305
"MERCK SHARP & DOHME CORP",1.38542510121457
"Meso Scale Technologies",25.3793103448276
"Met Tech",1.16666666666667
"Metabolix",17.7094594594595
"Meyer Tool",7
"Michelin Recherche et Technique SA",2.64050822122571
"Michigan Biotechnology Institute",14.4545454545455
"Micro Cooling Concepts",0
"Microchip Technology",9.35410334346505
"Microchips Biotech",0
"MicroContinuum",5.14285714285714
"MicroLink Devices",10.1875
"Micron Technology",15.032670511838
"Microsemi SoC",0.266666666666667
"MICROSOFT TECHNOLOGY LICENSING",0.588035926114218
"Microsurge",57.2678571428571
"Midori USA",0.333333333333333
"Midrex Technologies",6.63157894736842
"MIETAMARK GENETICS",0
"MILLENIUM SYNTHFUELS",0
"Milliken & Company",5.40826245443499
"Minebea Co",4.87661141804788
"Mintera",12.7007299270073
"MirTech",6.08695652173913
"Mission Product Holdings",0
"Mitsubishi Electric",1.31452001929571
"Mitsubishi Metal",7.99850523168909
"Mitsubishi Polyester Film",5.63679245283019
"Molecular Imprints",12.3641025641026
"Molecular Rebar Design",0.0833333333333333
"Momentive Performance Materials",2.15242494226328
"Monarch Power Corp",0.333333333333333
"Monolithe Semiconductor",0.375
"MonoSol",8.72881355932203
"Monsanto Technology",6.84067136949647
"MONTEREY RESEARCH",0
"Morpho",1.86885245901639
"Moxtek",18.9901960784314
"Mumetel",0
"Murata Manufacturing Co",5.01903864278982
"Musco",10.3942857142857
"mVerify",14.5170454545455
"Nalco Company",3.10471204188482
"Nanao",26.0588235294118
"NANO CELL SYSTEMS",0
"Nano Technics Company",0
"NANOBIO",1.8
"Nanoco Technologies",4.16326530612245
"nanoComposix",4.8
"Nanocopocia",0
"NanoGram",14.8214285714286
"Nanoholdings",0.3
"NanoLab",10.6470588235294
"NanoMech",0.925925925925926
"Nanomix",10.7179487179487
"NanoOncology",0
"NANOPHARMACEUTICALS",2.125
"NANOPHTHALMICS",0
"Nanoquantum Sciences",1.4
"Nanoridge Materials",3
"Nanospectra Biosciences",9.66666666666667
"Nanostatics",0.5
"Nanosys",23.6543209876543
"Nanotech Biomachines",0
"NanoTech Lubricants",0
"Nanotek Instruments",12.0774193548387
"Nant Holdings IP",4.32098765432099
"Nantero",16.9551020408163
"National Education",51.75
"Nationwide Children's Hospital",0.897435897435897
"NCC Nano",1.52941176470588
"NEC",10.8980319987982
"Nederlandse Organisatie voor toegepast-natuurwetenschappelijk onderzoek TNO",3.81801125703565
"NeoPhotonics",3.60714285714286
"NeoVision",78.3
"Nestec S A",7.13636363636364
"NetApp",5.54460719041278
"Neumedicines",0.142857142857143
"NeuMoDx Molecular",1.15384615384615
"Neural Signals",2
"Neutronic Perpetual Innovations",2.33333333333333
"New England Biolabs",4.8804780876494
"New Technology Ventures",2.2
"Newdoll Enterprises",11.6
"NEWFIELD THERAPEUTICS",0
"Newlans",6.64285714285714
"Newport",12.0508474576271
"Nexcom Technology",18.8541666666667
"NGK Spark Plug Co",6.71032132424537
"NICHIA",6.42132269099202
"Nikon",10.7758741749754
"Nippon Chemi-Con",5.50485436893204
"Nippon Shokubai Co",5.79674796747967
"Nissan Motor Co",9.94210923735213
"Nissan North America",1.62060889929742
"nLIGHT",0.142857142857143
"NLT TECHNOLOGIES",2.08982035928144
"NOK",6.85443037974684
"Nokia",10.7078557450377
"Nokia Technologies Oy",0.263504611330698
"Nokomis",3.5625
"Nordic Technologies",13
"Nordson",12.3571428571429
"Northrop Grumman Systems",2.09770114942529
"Northwest Biotherapeutics",5.76923076923077
"NOVA Chemicals (International) SA",4.37967914438503
"NOVA PANGAEA TECHNOLOGIES LIMITED",2
"Nova Technologies",15.953125
"Novartis AG",5.54463642908567
"NovaSolix",0.5
"Novellus Systems",19.9636563876652
"Novon",3.53125
"Novozymes",1.24555160142349
"Novozymes A/S",3.28518971848225
"Novozymes North America",1.3469387755102
"Novus Energy",4
"Novus Technology",0
"Nthdegree Technologies Worldwide",3.65909090909091
"NuOrtho Surgical",9.92307692307692
"Nutech Ventures",0.58
"Nvidia",6.48065948002536
"NXP USA",0.0717821782178218
"OAS Design Group",0
"OBI",3
"Oceanit Laboratories",6.47222222222222
"Oculus VR",0.36
"OFS Fitel",2
"Ojai Retinal Technology",0
"Oki Data",2.86062941554271
"OLYMPUS",5.17261774370208
"Olympus NDT",0.967213114754098
"OmniVision Technologies",3.20116618075802
"Omron",9.52204176334107
"One Earth Designs",0.5
"Opel Solar",0.333333333333333
"OPTERRA ENERGY SERVICES",0
"Optodot",1.45
"Oracle",10.9717663666843
"OrbusNeich Medical",6.475
"Ormat Technologies",8.23943661971831
"Ormet Circuits",1.42857142857143
"Ortho-Clinical Diagnostics",3.42857142857143
"OSI Optoelectronics",4.125
"Osram Sylvania",5.78093492208983
"Ostendo Technologies",5.60526315789474
"OTSUKA PHARMACEUTICAL CO",5.25090909090909
"Ovonic Battery Company",13.9369369369369
"Owens-Brockway Glass Container",3.92619926199262
"PACCAR",9.71847507331378
"Pacific Biosciences of California",8.2914798206278
"Pacific Industrial Development",0
"Pacific Light Technologies Corp",0.315789473684211
"Palo Alto Research Center",4.33404558404558
"Panasonic Intellectual Property Management Co",0.210939615488763
"Panasonic Intellectual Property of America",0.977055449330784
"Pansonic",2.29381750712345
"Paratek Pharmaceuticals",13.6029411764706
"Pardev",0
"Parion Sciences",19.984375
"Parker-Hannifin",10.6186131386861
"PAX Scientific",10
"PDF Solutions",18.5294117647059
"Pegatron",12.5926680244399
"Pelican Imaging",34.6046511627907
"PELLION TECHNOLOGIES",0.25
"Pendar Technologies",1
"Pentair Thermal Management",0
"Pentron Clinical Technologies",4.97674418604651
"Performance Plants",5.25
"Perkinelmer Holdings",0
"PeterBrod Corp",0
"PetraSolar",14.375
"Peytant Solutions",1
"Pfizer",7.76245804286083
"Pharmatrophix",0
"Pharmion",8.8375
"Philip Morris USA",4.73831775700935
"Phillips 66 Company",2.73099415204678
"Phoseon Technology",2.55384615384615
"Photon Dynamics",17.1168831168831
"Piksel",1.28571428571429
"Pinnacle Technology",20.5714285714286
"Pioneer Energy",12.0740740740741
"Pioneer Hi Bred",1.83300198807157
"Pixar",5.88501742160279
"Pixelligent Technologies",4.54545454545455
"Plant Sensory Systems",0
"Plasma Tech Holdings",0
"Plasma-Therm",7.69565217391304
"PLEX",3.85185185185185
"PluroGen Therapeutics",0.666666666666667
"PLYCEM USA",0
"PNM",23.3076923076923
"POET Research",2.55384615384615
"POLAR LIGHT TECHNOLOGIES AB",0
"Polaris Products",0
"Poly-Med",10.2900763358779
"PolyOne",1.07692307692308
"PolyPlus Battery Company",47.1123595505618
"Polysar",14.4
"PortaFire",3.42857142857143
"POSiFA MICROSYSTEMS",0
"Power Integrations",11.3204134366925
"PPG Industries Ohio",13.7146609360076
"PQ",19.0604594921403
"Praxair ST Technology",9.11888111888112
"Praxair Technology",9.88598574821853
"Precision Custom Coatings",2
"Previvo Genetics",1.28571428571429
"Princeton Optronics",3.75
"Production Resource Group LLC",2.29012345679012
"Professional Compounding Centers of America",4.25
"ProNAi Therapeutics",57.4285714285714
"Propagation Research Associates",0.142857142857143
"Prosoft",5.42857142857143
"Proterra",5.88679245283019
"Proton Power",9.60606060606061
"PTC Therapeutics",6.21100917431193
"Pulse Therapeutics",3.14285714285714
"Pyrexar Medical",0
"QD Vision",4.64406779661017
"Qiagen",6.2485549132948
"QUALCOMM",7.3970900951315
"QUALCOMM MEMS Technologies",8.58404074702886
"Quallion",15.6605504587156
"Qualsig",0
"Quantapore",1
"Quantum Devices",32.8125
"Quantum Materials",29.5454545454545
"QuantumScape",0.0555555555555556
"Quest Diagnostics Investments",2.4037558685446
"QUSWAMI",0
"RA Miller Industries",3.46666666666667
"RADIANCE SOLAR",1
"Rapamycin Holdings",0
"Raytheon BBN Technologies Corp",2.76878612716763
"Raytheon Company",9.40081452570847
"Rebellion Photonics",1.25
"Red Hat",2.26312292358804
"Redwood Systems",4.64
"Regeneron Pharmaceuticals",5.2981220657277
"Reliance Controls",6.55670103092783
"Relypsa",2.25925925925926
"Renesas Electronics",1.25387115274326
"Renewable Algal Energy",0.5
"Renewable Opportunities",0
"Renewable Power Conversion",1.4375
"Renmatix",1.35714285714286
"RenovaCare Sciences Corp",0.5
"RES USA",0.206896551724138
"Research Triangle Institute",13.4448818897638
"Revera",5.90476190476191
"Revivicor",1.25
"Reynolds Technologies",2.83333333333333
"RF Micro Devices",12.1061093247588
"Rhodia Operations",0.527932960893855
"Richtek Technology ROC",1.17343173431734
"Ricoh Company Limited",8.41869493803195
"Rillito Rive Solar",1.5
"Rima Enterprises",10.1666666666667
"RINAT NEUROSCIENCE CORP",8.02777777777778
"Rio Grande Valley Sugar Growers",0
"Riverbed Technology",6.16582914572864
"RJ Reynolds Tobacco Company",21.9906687402799
"Robert Bosch",6.94764188649081
"Roche Diabetes Care",0.136363636363636
"Roche Diagnostics",32.5973451327434
"Roche Innovation Center Copenhagen A/S",0.0909090909090909
"Roche Molecular Systems",6.74143302180685
"Rockwell Automation Technologies",6.83647058823529
"Rockwell Collins",11.0289052890529
"Rohm and Haas Chemicals",0
"Rohm and Haas Company",9.77411258515597
"Rohm and Haas Electronic Materials",2.93388429752066
"Roho",11.7673267326733
"Roll-N-Lock",11
"Rolls-Royce North American Technologies",0.777777777777778
"Rolls-Royce PLC",6.86166174609869
"ROM",6.8391959798995
"Rosemount Aerospace",8.44444444444444
"RP Scherer Technologies",4.88235294117647
"Ruse Technologies",4.09606986899563
"S C Johnson & Son",19.9314586994728
"S&S X-Ray Products",12.8636363636364
"SABIC GLOBAL TECHNOLOGIES BV",0.239482200647249
"SAE Magnetics (HK)",5.06960227272727
"Sagacious Investment Group LLC",1
"SAINT-GOBAIN ABRASIFS",1.61162079510703
"Saint-Gobain Adfors Canada",0.0588235294117647
"Saint-Gobain Ceramics & Plastics",2.74617737003058
"Saint-Gobain Performance Plastics",3.77472527472527
"Samsung Corning Precision Materials Co",0.593220338983051
"SAMSUNG DISPLAY CO",0.42750571531705
"Samsung Electro-Mechanics Co",3.58517618469016
"Samsung Electronics",7
"Samsung Electronics Co",5.01349330058413
"Samsung SDI Co",1.90450928381963
"Sandia",15.7007099945385
"SanDisk 3D",11.2762762762763
"SanDisk Technologies",2.62926061877294
"Sangamo BioSciences",10.8993710691824
"Sanken Electric Co",6.31354359925789
"Sanofi",5.21046228710462
"Santoku",5.375
"Sanuvox Technologies",26.2307692307692
"Sanyo Electric Co",9.0661443616748
"Sarepta Therapeutics",7.91111111111111
"SB ENERGY",0
"SC Johnson & Son",7.78938053097345
"Schlumberger Technology",12.4779589371981
"Schneider Electric Solar Inverters USA",0.25
"Schneider Electric USA",3.69633507853403
"SCHOTTKY LSI",1.5
"Scientific Design Company",7.09195402298851
"SD Technologies",6.97647058823529
"SDCmaterials",17.6571428571429
"SEaB Energy Holdings",2.33333333333333
"Seagate Technology",8.81163812698894
"SEEK THERMAL",0
"Seetron",2.6
"Seiko Epson",6.32825478612357
"Seiko Instruments",5.19889502762431
"SEIKO NPC",6.42857142857143
"Selas Heat Technology Company",0
"Selecta Biosciences",8.88888888888889
"Selkermetrics",0
"SELMAN AND ASSOCIATES",2.79310344827586
"Semiconductor Components Industries LLC",3.27944111776447
"Semiconductor Energy Laboratory Co",14.4217052937655
"Semiconductor Manufacturing (Shanghai)",0.64292980671414
"Semics",0.5
"Semileds Optoelectronics Co",3.19444444444444
"Semprius",19.8846153846154
"Senaya",0.7
"Senga Advisors",4
"Sensor Electronic Technology",4.70886075949367
"Sensor-Kinesis",0
"SeQual Technologies",45.36
"Sequenom",57.3852459016393
"ServiceNow",0.266666666666667
"Sharp Kabushiki Kaisha",9.43538599546198
"Sharp Laboratories of America",12.146835443038
"Shell Oil Company",18.8677744638546
"Shenzhen China Star Optoelectronics Technology Co",0.186790505675955
"Shimadzu",5.66347777152504
"Shin-Etsu Chemical Co",5.88797557538751
"Shoals Technologies Group",1.16666666666667
"SHOW ME ENERGY",0
"Shubin",2
"Sick AG",3.41590214067278
"SICPA Holding SA",3.25179856115108
"Siemens",13.3225806451613
"Siemens Aktiengesellschaft",8.40908555035957
"Siemens Energy",2.64132553606238
"Siemens Industry",2.26564885496183
"Siemens Medical Solutions USA",5.10041103934234
"Sienna Biopharmaceuticals",0.833333333333333
"Sienna Labs",15.25
"Sierra Sciences",1.66666666666667
"Sigma-Aldrich Co",4.78350515463918
"Sigmatel",8.16593886462882
"SII Semiconductor",0.735294117647059
"Sila Nanotechnologies",0
"Silicon Genesis",44.0909090909091
"Silicon Space Technology Corp",4.18181818181818
"Silicon Storage Technology",13.4805194805195
"Siliconware Precision Industries Co",16.2007575757576
"Silicor Materials",1.31818181818182
"Siluria Technologies",5.14814814814815
"Sima Therapeutics",6.41666666666667
"Simbol",1.8
"Simple Approach Systems",0
"Sinewatts",0
"Singular Bio",0.4
"Singulex",5.72222222222222
"Sinton Consulting",13.3333333333333
"Sion Power",9.72131147540984
"Sirnaomics",0
"SixPoint Materials",1.73076923076923
"SK Hynix",0.366115702479339
"SK Telecom Co",2.8828125
"Smart Planet Technologies",0.666666666666667
"Smith &#x26; Nephew",30
"SNS NANO FIBER TECHNOLOGY",0
"SOL-ELECTRICA",0
"Sola USA",13.3333333333333
"SolaBlock",0
"SolAero Technologies Corp",0.869565217391304
"Solaire Generation",1
"Solan",1.95
"Solar Junction",0.619047619047619
"Solar Tectic",0.875
"SolarCity",4.06796116504854
"Solaris Holdings Limited",0.333333333333333
"SolarLego",1
"Solarmer Energy",2
"SolarReserve Technology",0
"SOLARTONIC",0
"SolarWorld Americas",0
"SOLAZYME",11.984126984127
"SOLENA FUELS",0
"Solexel",10.2647058823529
"Solight Solar",0
"Soliton Lasers",0
"Solutia",5.17647058823529
"Solvay Specialty Polymers USA",0.0666666666666667
"SonoGene LLC",1
"Sony",8.57201176819395
"Sony Interactive Entertainment",0.168831168831169
"Sophoro Biotechnologies",0
"Soraa",17.75
"Soraa Laser Diode",2.38888888888889
"Southwest Research Institute",12.1383577052868
"SPC",4.47058823529412
"SPICE SOLAR",1
"SRG Global",3.125
"St Jude Medical",25.0741525423729
"St Microelectronics",11.375
"Stablcor Technology",2.25
"STANDARD ALCOHOL COMPANY OF AMERICA",4.33333333333333
"Stanley Electric Co",8.31627430910952
"Star Technology and Research",4
"Starlight Energy Holdings",0
"Starsource Scientific",0
"STATS ChipPAC",4.049902786779
"STMicroelectronics Limited",4.91071428571429
"STMicroelectronics SA",5.62570938366108
"Stora Enso Oyj",1.08641975308642
"Stratasys",21.830985915493
"Strategic Solar Energy",0.5
"Suganit Systems",8.33333333333333
"Sumco",2.56315789473684
"Sumitomo Electric Device Innovations",0.363013698630137
"Sumitomo Electric Industries",8.2213397272591
"Sumitomo Rubber Industries",8.68103847936949
"SUMITOMO WIRING SYSTEMS",5.85602094240838
"Sun Chemical",6.9020618556701
"Sun Drilling Products",9.27777777777778
"Sun Synchrony",1.33333333333333
"Suncore Photovoltaics",1.27777777777778
"SunCulture Solar",0.5
"Sundrop Fuels",1.57142857142857
"SunEdison",0.1875
"SunEdison Semiconductor Limited",0.58974358974359
"Sungevity",10
"Sunlight Photonics",4.18181818181818
"SunLink",5.875
"SunPower",6.62982005141388
"SunRun",0
"Sunrun South",1.22222222222222
"SUNSALUTER",0
"Supremex",6.33333333333333
"Surebeam",12.0243902439024
"Sustainable Technologies",2.33333333333333
"Swagelok Company",8.61764705882353
"Sweetwater Energy",2.83333333333333
"Swift Engineering",2.5
"Symantec",9.38805970149254
"Synaptic Research",1.33333333333333
"Syngenta Participations AG",1.38002059732235
"Synopsys",10.1145695364238
"Synthetic Genomics",0.878048780487805
"Synthezyme",0.142857142857143
"SYNTHOMER USA",0
"Sysmex",6.28926174496644
"System Biosciences",1
"Taiwan Semiconductor Manufacturing Company",5.70291448996426
"Taiyo Ink Mfg Co",4.84920634920635
"Takara Bio",1.29268292682927
"Takeda Pharmaceutical Company Limited",1.59495548961424
"Tamura",2.32558139534884
"Tanaka Kikinzoku Kogyo KK",7.50810810810811
"Tarveda Therapeutics",0
"Tata Consultancy Services Limited",1.1294498381877
"Tau Therapeutics",0
"Taxon Biosciences",1.33333333333333
"TDK",8.35474609725462
"Teal Sales",6.33333333333333
"TECHNOLOGY RESEARCH",16.76
"TECNIUM",0
"Tekkware",0
"TEKNOR APEX COMPANY",6.65789473684211
"Tela Innovations",38.6969696969697
"Teledyne Scientific & Imaging",1.41911764705882
"Tensor",9.6046511627907
"Teradata US",3.56132075471698
"Terra Caloric",0
"TerraVia Holdings",0.357142857142857
"Tersus Environmental",0
"Tesla Nanocoatings",0
"Tessera",30.6192411924119
"Tessera Advanced Technologies",0
"TetraSun",0.545454545454545
"Texas Instruments",16.971659351947
"Texas Instruments Deutschland",7.47524752475248
"Texas Research",3.13793103448276
"The Babcock & Wilcox Company",10.6916140667268
"THE BOARD INSTITUTE",5.04651162790698
"The Boeing Company",8.95008885111643
"The Carbon Cable Company",1
"The Charles Stark Draper Laboratory",19.0210674157303
"The Eastern Co",5.52631578947368
"The Gates",6.05867970660147
"The Goodyear Tire & Rubber Company",7.90280612244898
"The Henry M Jackson Foundation for the Advancement of Military Medicine",6.41584158415842
"The Iams Company",6.76190476190476
"The Jackson Laboratory",6.97727272727273
"The Paymaster",2.33333333333333
"The Procter & Gamble Company",21.0640389387288
"The Samuel Roberts Noble Foundation",1.20408163265306
"THE SWEET LIVING GROUP",1
"TheGreenCell",0.666666666666667
"THEM",16.5230769230769
"Theraclone Sciences",0.6875
"Therapeutic Proteins",0.36
"Thermo Finnigan",5.20802919708029
"Thermo Fisher Scientific",1.77659574468085
"Thermorefinery Technologies",0
"Thermoretinary Technologies",0
"Thoratec",11.3006535947712
"Thorlabs",3.11904761904762
"Thorlabs Quantum Electronics",0.8
"Thorn Bioscience",6.55555555555556
"THYSSENKRUPP INDUSTRIAL SOLUTIONS",0.0612244897959184
"Ticona",3.96197718631179
"Tigo Energy",20.5283018867925
"TIME WARNER CABLE ENTERPRISES",1.61849710982659
"TMC",7.17275747508306
"Toda Kogyo",3.59336099585062
"Tokyo Electron Limited",9.67734664305265
"Tokyo Ohka Kogyo Co",5.02050113895216
"TOMOWAVE LABORATORIES",0
"Toray Industries",8.81155015197568
"Toray Plastics (America)",2.24468085106383
"Toshiba America Electronic Components",4.3968253968254
"Toshiba Tec Kabushiki Kaisha",2.8157394843962
"Tosoh",7.78783958602846
"Total Marketing Services",0.296296296296296
"Toyota Jidosha Kabushiki Kaisha",6.52848622550412
"Toyota Motor Engineering & Manufacturing North America",2.0732044198895
"TP Solar",1.625
"Traex",5.39130434782609
"TRANE",3.98550724637681
"Transilwrap Company",8.36363636363636
"Transitions Optical",23.6433566433566
"Transposagen Biopharmaceuticals",1
"Transtron Solutions",0.5
"Travis Industries",5.6
"TRI ALPHA ENERGY",0
"TRIDONIC & CO KG",0.212121212121212
"Triple Ring Technologies",0.964285714285714
"TRITON MICROTECHNOLOGIES",0
"Triune IP",3.12
"Truckee Applied Genomics",1
"True-Safe Technologies",0.5
"TT Technologies",15.8641304347826
"Tufts Medical Center",1.56666666666667
"Turf Group",0
"Turtle Beach",0.413793103448276
"Twitter",3.27777777777778
"Two Blades Foundation",0.333333333333333
"Tyco Electronics",8.52437223042836
"Tyco Electronics UK",3.69642857142857
"U S MICROPOWER",0.5
"Ube Industries",7.87539432176656
"UCB Pharma SA",1.55769230769231
"UChicago Argonne",1.84886649874055
"Uni-Charm",11.7632183908046
"Unifrax I",2.30952380952381
"UNISANTIS ELECTRONICS SINGAPORE PTE",2.0427807486631
"Uniseal Solutions",0
"Unistrut Corp",24.7142857142857
"United Microelectronics Corp",7.73826714801444
"United Technologies",12.0301639344262
"Unity Semiconductor",13.0338983050847
"Universal Display",9.41709844559585
"Universal Leaf Tobacco Co",4.78571428571429
"UOP",9.45510835913313
"US NUTRACEUTICALS",2.04347826086957
"US Smokeless Tobacco Company",8.2093023255814
"UT-Battelle",8.53953953953954
"UTC FIRE & SECURITY",0.896551724137931
"UVIC INDUSTRY PARTNERSHIPS",0.85
"UWM Research Foundation",3.26530612244898
"V35A Enterprises",0.5
"Vadient Optics",0.333333333333333
"Valicor",74.0625
"VALTED",0
"Varian Semiconductor Equipment Associates",3.18759689922481
"Vascular BioSciences",1.71428571428571
"Vaxiion Therapeutics",2.83333333333333
"VEECO PRECISION SURFACE PROCESSING",0
"Ventana Medical Systems",21.3139534883721
"Veracode",4.71428571428571
"Veracyte",0.75
"VERILY LIFE SCIENCES",0.842105263157895
"VERLASE TECHNOLOGIES",10
"Verliant Energy",0
"VIASAT",6.55600814663951
"VINDICO NANOBIO TECHNOLOGY",1
"Vindico NanoBioTechnology",0
"VINYLAST",0.75
"VIOLIN MEMORY",2.89285714285714
"Virent",7.02325581395349
"VivaLnk Limited (Cayman Islands)",0
"Vizio",0.413793103448276
"VMware",7.94895591647332
"Volterra Semiconductor",10.7448979591837
"Vorbeck Materials",4.46153846153846
"Voxtel",9.125
"W&Wsens Devices",0
"WADHAM ENERGY LP",0
"WAFERTECH",1.1
"Warsaw Orthopedic",14.327868852459
"Waters Technologies",1.2851711026616
"Watlow Electric Manufacturing Company",6.31967213114754
"Wave Energy Conversion of America",1
"WCA Group",0
"Weatherford Canada Partnership",4.95238095238095
"WELL Shield",1
"Wenger",11.8617886178862
"Wentworth Laboratories",40.9
"Western Digital (Fremont)",88.8988269794721
"Western Digital Technologies",52.3112377006732
"WestPoint Home",0
"WHATSAPP",0.666666666666667
"Wikipad",1
"Winbond Electronics Corp",7.84186046511628
"Winecom",12.4074074074074
"Wireless Environment",12.64
"WiSys Technology Foundation",2.71428571428571
"Wizard Labs",0
"Wostec",4.30769230769231
"WOVN",0
"Wyatt Technology",8.05555555555556
"X DEVELOPMENT",0.1171875
"Xenogenic Development Limited Liability Company",0
"Xerox",15.8350848082596
"Xintec",8.42281879194631
"Xyleco",5.44186046511628
"Yageo",10.3846153846154
"Yamaha",8.07040382571732
"Yeda Research and Development Co",11.2365470852018
"Yissum",14
"ZENA TECHNOLOGIES",9.70731707317073
"Zeno Semiconductor",21.1298701298701
"Zephyr Energy Systems",0
"ZIH Corp",8.93991416309013
"Ziptronix",21.9818181818182
"Zoetis Services",0.174603174603175
"ZON",2
"Zygo",9.98397040690505
"Zyvex Labs",5.58333333333333
