count(p.id),organization_clnd
21,"22nd Century Limited"
10263,"3M Innovative Properties Company"
206,"AAC Technologies Pte"
5,Aadigen
380,"ABB AB"
974,"ABB Research"
986,"Abbott Cardiovascular Systems"
36,"Abbott Molecular"
170,"Abbott Point of Care"
612,AbbVie
16,"Abengoa Bioenergy New Technologies"
519,"ABL IP Holding"
2,Ablexis
62,"Abraxis Bioscience"
520,AC
3,"ACACIA RESEARCH GROUP"
458,"Access Business Group"
20,AccuRay
31,"Accuri Cytometers"
34,ACell
647,Acer
86,"Acorn Technologies"
36,ACUCELA
7,adaptiveARC
40,ADASA
260,Adeka
42,"Adhesives Research"
211,"adidas AG"
27,"Adlens Beacon"
7,"ADMA Products"
4,"Adobe Systems"
427,Adtran
173,"Advanced Analogic Technologies"
2,"Advanced Aqua Group"
1528,"Advanced Cardiovascular Systems"
21,"Advanced Cell Technology"
5,"ADVANCED CERAMIC FIBERS"
1,"Advanced Fusion Technologies"
1,"ADVANCED INNOVATION CENTER"
8,"Advanced Silicon Group"
730,"Advanced Technology Materials"
8,"Advanced Water Technology"
5,Adynxx
15,"Aerosol Dynamics"
1,AFMODEL
50,"AGC Flat Glass North America"
12,"Agena Bioscience"
2561,"AGFA-GEVAERT NV"
4334,"Agilent Technologies"
315,Agrigenetics
19,Agrivida
15,AgroFresh
3016,"AIR PRODUCTS AND CHEMICALS"
4,"Ajinomoto Althea"
20,"Akron Polymer Systems"
4612,"Alcatel Lucent"
334,"Alcon Research"
23,Alcotek
232,"Alexion Pharmaceuticals"
21,"Algenol Biotech"
1,"ALGETERNAL TECHNOLOGIES"
7,"All Power Labs"
5,"Allertein Therapeutics"
198,"Alliance for Sustainable Energy"
225,"Allison Transmission"
250,"Alnylam Pharmaceuticals"
444,"Alpha and Omega Semiconductor"
1381,"ALSTOM Technology"
8,"AltaRock Energy"
9,Altek
8,"Altex Technologies"
6,Altivera
7700,"Amazon Technologies"
8,Ambature
3,Amberwave
336,"American Air Liquide"
2,"AMERICAN BIO ENERGY CONVERTING CORP"
47,"American Piledriving Equipment"
2,"American Science and Technology"
1272,Amgen
73,"Amgen Fremont"
929,"Amkor Technology"
42,"AMO Wavefront Sciences"
22,"Ampio Pharmaceuticals"
1,"Amtech Systems"
2929,"Analog Devices"
157,Andritz
2,Aneeve
2,"Angaza Design"
1,"Angstron Materials"
1,Anlinx
1,"Annam Biosciences"
6,"Ansun Biopharma"
45,"Antaya Technologies"
34,"API Intellectual Property Holdings"
4,Apple
480,"Applied Biosystems"
7,"Applied Genetic Technologies"
49,"Applied Materials"
281,"APPLIED MATERIALS ISRAEL"
34,"Applied NanoStructured Solutions"
6,"Applied Nanostructures"
1,"APPLIED STEMCELL"
1,"APPLIED SUNSHINE"
6,"ARBOR THERAPEUTICS"
5,"Arch Biosurgery"
211,"Archer Daniels Midland Company"
17,"Arcturus Therapeutics"
1,"Areesys Technologies"
488,"Arizona Board of Regents"
81,"Arizona Board of Regents acting on behalf of Arizona State Univ"
55,Arkema
4,"Arkival Technology Corp"
3,"Armageddon Energy"
1,"Arpin Renewable Energy"
47,"Arrowhead Center"
433,"Asahi Kasei Kabushiki Kaisha"
21,"ASCENT SOLAR TECHNOLOGIES"
22,Aseptia
313,"ASM America"
224,"ASM IP HOLDING BV"
6,"ASM IP Holdings"
3025,"ASML Netherlands BV"
3,Astech
90,AstenJohnson
12,"Astex Pharmaceuticals"
22,"ASTUTE MEDICAL"
2711,AT&T
155,"ATC Technologies"
4,Atleisure
4,"Atom Nanoelectronics"
8,ATOMERA
1,Atonometrics
209,"Atotech Deutschland"
106,"Atrium Medical"
6,ATTOSTAT
66,"aTyr Pharma"
283,"Auburn University"
7,"Aushon Biosystems"
18,Auterra
13,Authenex
3,"Autonomic Materials"
1923,"Avago Technologies General IP (Singapore) Pte"
243,"Avalanche Technology"
3,"Avant Garde Therapeutics & Technologies"
16,"Avantor Performance Materials"
1265,"Avery Dennison"
49,"AVI BioPharma"
78,AVOGY
372,"Avon Products"
17,"Avtaec Limited"
3,AxioMx
47,"AZ Electronic Materials (Luxembourg) SARL"
27,"Babcock Power Services"
1179,"BAE Systems Information and Electronic Systems Integration"
5524,"Baker Hughes"
2,Bakersun
61,"Banpil Photonics"
431,"Basell Polyolefine"
16,BASF
17,"BASF Enzymes"
217,"BASF Plant Science"
3471,"BASF SE"
405,"Battelle Energy Alliance"
1643,"Battelle Memorial Institute"
1041,"Bausch & Lomb"
91,BAXALTA
2073,Baxter
769,"Baxter Healthcare SA"
1084,"Bayer Cropscience AG"
447,"Baylor College of Medicine"
192,BCE
12,"Bechtel Hydrocarbon Technology Solutions"
1,Becton
381,"Beijing BOE Display Technology Co"
474,"Bell Helicopter Textron"
88,"Bemis Company"
151,"Bend Research"
2,"BERKEN ENERGY"
2,"Beryllium Discovery Corp"
7,Bestway
9,"Beth Israel Medical Center"
8,"BG Negev Technologies and Applications"
17,Bi-Modal
2,"Big Belly Solar"
24,"Bigelow Aerospace"
30,"BIND Therapeutics"
655,"Bio-Rad Laboratories"
12,"Biocare Medical"
4,"Biogenic Reagents Ventures"
15,"Biological Dynamics"
11,"BioNano Genomics"
86,Bioneer
241,"Biosense Webster (Israel)"
29,"Biosphere Medical"
2,"Biotechnology Foundation"
5,bioTheranostics
2,"Biozoom Technologies"
50,Bird-B-Gone
43,Bisco
4496,"BlackBerry Limited"
12,"Blue Sea Systems"
524,"Board of Trustees of Michigan State University"
1,"Board of Trustees of Michigan State University and Vahid Sendij"
1130,"Boehringer Ingelheim"
214,"Boehringer Ingelheim Vetmedica"
4,"BOLTIER R&D"
1,"Bosch Energy Storage Solutions"
46,Bostik
991,"Boston Scientific Neuromodulation"
3873,"Boston Scientific Scimed"
381,"BP North America"
1,"Brandels University"
2,"Braun Intertec Geothermal"
158,"Brewer Science"
206,Bridgelux
4129,Bridgestone
739,"Brigham and Women's Hospital"
327,"BRIGHAM YOUNG UNIVERSITY"
1,"Brightfield Transportation Solutions"
7,"BRIGHTLEAF TECHNOLOGIES"
3893,"Bristol-Myers Squibb Company"
4,BROADCOM
301,"Brookhaven Science Associates"
1,"BROOKLYN QUANTUM WORKS"
59,Brother
12658,"Brother Kogyo Kabushiki Kaisha"
134,"Brown University"
6,"Bruin Biometrics"
8,BTPATENT
84,BTU
39,"Buckman Laboratories"
2,"Building Envelope Innovations"
135,"Butamax(TM) Advanced Biofuels"
1310,CA
901,Cabot
37,"Calient Technologies"
5,"California Industrial Facilities Resources"
3344,"California Institute of Technology"
8,Calysta
7,"Cambridge Electronics"
179,"CAMBRIDGE ENTERPRISE LIMITED"
86,Canon
68327,"Canon Kabushiki Kaisha"
29,"Canon Nanotechnologies"
97,"Canon US Life Sciences"
5,CAPAT
34,"CARBO Ceramics"
3440,"Cardiac Pacemakers"
16,"Cardiva Medical"
505,"Carestream Health"
549,Cargill
20,"Caribou Biosciences"
303,"Carl Zeiss Microscopy"
649,"Carnegie Mellon University"
15,"Carver Scientific"
628,"Case Western Reserve University"
4078,"Casio Computer Co"
311,Cavium
61,Cbrite
78,"Cedar Ridge Research"
332,"Cedars-Sinai Medical Center"
934,Celanese
1,"CellPrint IP Holding"
17,CELLTRION
14,"Cellular Research"
4,"Central Iowa Health System"
77,"Centre de Recherche Industrielle du Quebec"
189,Ceramatec
800,"Cheil Industries"
39,Chemtreat
640,"Chevron Phillips Chemical Company LP"
1776,"Chevron USA"
30,"Child Laboratories"
16,"Children's National Medical Center"
192,"Chipmos Technologies"
2429,Chiron
22,Chromalox
11,"Cima NanoTech Israel"
1,"Cisco Technology"
374,"City of Hope"
264,"CITY UNIVERSITY OF HONG KONG"
42,"Claret Medical"
21,"Clean Energy Labs"
16,"Clean Power Research"
11,"Clearside Biomedical"
48,"CLEARSIGN COMBUSTION"
313,"Clemson University"
82,"Clemson University Research Foundation"
3,"CMC ICOS BIOLOGICS"
846,"CNH Industrial America"
51,CNRS
10,"Coactive Drive"
235,Codexis
20,"Coleman Cable"
3856,"Colgate-Palmolive Company"
625,"Coloplast A/S"
112,"Colorado School of Mines"
22,"Colorado Seminary"
279,"Colorado State University Research Foundation"
800,"Columbia Insurance Company"
19,"Columbia University"
3279,"Commissariat a l'Energie Atomique"
2199,"Commissariat a l'Energie Atomique et aux Energies Alternatives"
917,"Commonwealth Scientific & Industrial Research Organization"
3,"Community Power"
1114,"Compagnie Generale des Etablissements Michelin"
54,"Complete Genomics"
7,"Component Re-Engineering Company"
783,"Conexant Systems"
2,"Confluence Energy"
614,"ConocoPhillips Company"
5,"Continental Manufacturing"
166,"Conversant Intellectual Property Management"
105,"Cook Biotech"
1359,"COOK MEDICAL TECHNOLOGIES"
20,"Cool Planet Energy Systems"
3,"CoolEarth Solar"
1296,"Cooper Technologies Company"
4,"Copernicus Therapeutics"
11,"Coriant Advanced Technology"
1541,"Cornell Research Foundation"
548,"Cornell University"
4749,Corning
40,"Corporation for National Research Initiatives"
1690,"Council of Scientific and Industrial Research"
7,"COVERIS FLEXIBLES US"
3815,"Covidien LP"
16,"CP KELCO APS"
51,"CP Kelco US"
377,CPC
1,"CPT IP Holdings"
2234,Cree
60,Crepaco
47,Crestovo
30,"Cristal USA"
77,"Cross Match Technologies"
166,Crossbar
1,"Crowder College"
20,"Crystal Solar"
2,Crystalplex
306,"CUMMINS FILTRATION IP"
2,"Cura Vac"
2,"Custom Electronics"
1,"CYBERCITY 3D"
257,Cyberonics
12,CyboEnergy
5,"Cymatics Laboratories Corp"
2873,"Cypress Semiconductor Corp"
180,"D-Wave Systems"
4,"Da Yu Enterprises"
19,"Daikin Industries"
1,Dana
550,"Dana-Farber Cancer Institute"
352,"Danisco US"
41,"Daylight Solutions"
1,"DCG SYSTEMS"
46,"DECA Technologies"
25,"Deep Science"
1,"Deep Well Power"
690,"DEKA Products Limited Partnership"
45,Delavau
159,"Dell Software"
5127,"Delphi Technologies"
2036,"Delta Electronics"
13703,Denso
207,Dentsply
13,"Deployable Space Systems"
1300,"DePuy Synthes Products"
6,"Dermazone Solutions"
240,Dexerials
104,Dialight
12,Dialogic
64,Diamicron
88,"Diamond Innovations"
428,DIC
5,"Digital Wind Systems"
3,DiscoveRx
4,DISCOVERYBIOMED
1456,"Disney Enterprises"
17,"DNA Twopointo"
1147,"Dolby Laboratories Licensing"
3,"Domtar Paper Company"
872,"Dongbu Hitek Co"
1017,"Dow AgroSciences"
2,"Dow Corning"
2760,"Dow Global Technologies"
69,"Dow Technology Investments"
67,DPD
10,"DPx Holdings BV"
306,"Dresser-Rand Company"
384,"Drexel University"
31,"DRS Network & Imaging Systems"
43,"DSP Group"
1255,"Duke University"
68,"DuPont Teijin Films US Limited Partnership"
102,"Duquesne University of the Holy Ghost"
3,Dymax
4,"Dynamic Solutions Worldwide"
14346,"E I du Pont de Nemours and Company"
2,"E I du Pont de Nemours and Company duPont Displays"
348,"E Ink"
4,"Easel Biotechnologies"
52,"East China University of Science and Technology"
1712,"Eastman Chemical Company"
21449,"Eastman Kodak Company"
1,Eaton
32,"Echogen Power Systems"
22,"EchoStar Technologies"
1607,Ecolab
47,"Ecole Normale Superieure de Cachan"
5,ECOSYNTHETIX
13,"Ecovative Design"
14,Egenera
1,"Eisai Co"
283,"ELC Management"
1,Elcriton
1,Electrix
19,"Electronic Warfare Associates"
7542,"Electronics and Telecommunications Research Institute"
11,Electrovaya
3,"Element One"
38,"Elenion Technologies"
881,Elwha
2,Em-Tech
34,EMC
627,"Emory University"
1677,"Empire Technology Development"
2,"ENERGY ENGINEERING SYSTEMS"
1,"ENERGY INDEPENDENCE OF AMERICA CORP"
12,Energysolutions
5,"Enginuity Worldwide"
2,"Englewood Lab"
261,"ENI SpA"
52,"ENI Technology"
5,eNow
27,"Ensyn Renewables"
5,"Entech Solar"
408,Entegris
3,"Envision Solar"
22,Envisionit
638,"EPCOS AG"
81,Epizyme
10,"ESCAPE THERAPEUTICS"
3,"eSionic Corp"
2156,"Ethicon Endo-Surgery"
35,"Ethox Chemicals"
210,"Everspin Technologies"
113,"Evoqua Water Technologies"
62,Evri
50,Exatec
1,"Excelsior Nanotech"
6,EXOS
47,"Express Imaging Systems"
19,"Extech/Exterior Technologies"
2416,"ExxonMobil Chemical Patents"
1357,"ExxonMobil Research and Engineering Company"
908,"ExxonMobil Upstream Research Company"
2244,Facebook
1240,"Fairchild Semiconductor"
11,"FastCAP Systems"
65,"Faurecia Interior Systems"
4,"Fayetteville State University"
120,"Federal Signal"
486,"FEI Company"
173,Fenwal
14,Ferric
15,Ferro
2,"Fezza Family Properties"
32,Fianium
615,"Fina Technology"
1361,Finisar
217,"First Solar"
21,FlashSiliconorporation
405,"Flextronics AP"
282,"FLIR Systems"
13,Floadia
24,"FLOW CONTROL"
142,Fluidigm
12688,"Ford Global Technologies"
32,"Forest Concepts"
59,"Foret Plasma Labs"
5,"Formula Plastics"
54,"Forsyth Dental Infirmary for Children"
61,FPInnovations
158,"Fred Hutchinson Cancer Research Center"
5537,"Freescale Semiconductor"
25,"FRONT EDGE TECHNOLOGY"
4909,"Fuji Electric Co"
10074,"Fuji Xerox Co"
5,FUJIFILM
153,"FUJIFILM Dimatix"
34910,"Fujitsu Limited"
1680,"Fujitsu Semiconductor Limited"
4,"FULL CIRCLE BIOCHAR"
1804,"FutureWei Technologies"
2,fybr
14,"Galectin Therapeutics"
11,GangaGen
3,Gardner-Gibson
36,"Garland Industries"
5,"Garrity Power Services"
201,"Gas Technology Institute"
13,"GCP Applied Technologies"
14,GDO
9,"GE Healthcare Dharmacon"
211,"GE Healthcare Limited"
163,"GE-Hitachi Nuclear Energy Americas"
6,"Gemex Systems"
514,GEN-PROBE
1,"GENCO SCIENCES"
4,Genentech
43038,"GENERAL ELECTRIC COMPANY"
2,"General Engineering & Research"
492,"GENERAL MOTORS"
100,Genesco
41,"Genia Technologies"
14,Genisphere
91,Genomatica
44,"Genomic Health"
1,Genzyme
26,"George Mason Research Foundation"
315,"Georgetown University"
2,"Georgia-Pacific Gypsum"
4,GeoSynFuels
2,"GEOTHERMAL ENERGY PROJECT"
9,"Gestion Ultra"
1,"GIGA SOLAR FPC"
14,"Gilead Biologics"
25,"Gilead Connecticut"
551,"Gilead Sciences"
14,"GlassPoint Solar"
5,GLIKNIK
10,"Global Eagle Entertainment"
18,"Global Filtration Systems"
262,"Global OLED Technology"
2,"Global Solar Water Power Systems"
4244,GLOBALFOUNDRIES
625,"Globus Medical"
1,"Glucan Biorenewables"
4,GLYCON
12135,"GM Global Technology Operations"
39,"GOAL ZERO"
304,"GOJO Industries"
79,GOLBA
1,Google
1067,"GOOGLE TECHNOLOGY HOLDINGS"
1,GOSOLARLIFE
20,"GR Intellectual Reserve"
95,Gracenote
135,"Grain Processing"
2,"Gram Power"
119,Grandis
1,"Graphene Technologies"
3,"Great American Duck Races"
413,Greatbatch
1,"Green Box Batteries"
2,"Green Extraction Technologies"
3,"Green Solar Transportation"
2,"GREENFIELD MASTER IPCO LIMITED"
3,"GREENHILL ANTIBALLISTICS"
1,"Greggory Tate Homrighous and Frank Bryan Homrighous"
6,"Greyrock Energy"
1,"GROW ENERGY"
39,"Gula Consulting Limited Liability Company"
123,"H R D"
137,"Hadasit Medical Research Services & Development Company"
308,"Haier US Appliance Solutions"
5901,"Halliburton Energy Services"
1708,"HAMAMATSU PHOTONICS KK"
1913,"Hamilton Sundstrand"
2,"Handstand Innovations"
75,Handylab
1,"HARMAN INDUSTRIES"
2,Harris
1038,"Headway Technologies"
1,"Heat Seal"
2181,"Heidelberger Druckmaschinen AG"
76,"Heliae Development"
3,"Helios Focus"
819,"Henkel AG & Co KGaA"
45,"Her Majesty the Queen in right of Canada"
25,"Heraeus Precious Metals North America Conshohocken"
1047,"Hewlett Packard Enterprise Development LP"
152,"Hewlett-Packard Indigo BV"
980,"HGST NETHERLANDS BV"
6,"HIQ SOLAR"
38879,Hitachi
2528,"Hitachi High-Technologies"
6,"Hitachi Metals"
75,"Hollingsworth & Vose Company"
1,"Hollywood Trucks"
18417,"Hon Hai Precision Industry Co"
4,"Honda Motor Co"
11002,Honeywell
664,Hosiden
100,"HOWARD INDUSTRIES"
50,"Howard University"
2258,Hoya
1274,"HRL Laboratories"
1809,HTC
1,HTS
41,Humanetics
27,"Hunt Energy Enterprises"
573,"Hunter Douglas"
6242,"Hynix Semiconductor"
20,Hysitron
7002,"Hyundai Motor Company"
18,iBio
99,"Ibis Biosciences"
86,"Icahn School of Medicine at Mount Sinai"
2,"IDEA TREE"
50,"Ideal Power"
8,IDEALAB
43,"IDEX Health & Science"
158,"Ignis Innovation"
60,II-VI
242,"III HOLDINGS 1"
143,"Illinois Institute of Technology"
5145,"Illinois Tool Works"
5,IMDS
535,IMEC
37,Immunolight
17,"Immunopath Profile"
123,"Imperial Innovations Limited"
271,"IMRA America"
28,"Inaeris Technologies"
1,iNanoBio
108,Incept
70,"Incyte Holdings"
26,"Industrial Origami"
6,"Industrial Science & Technology Network"
1,"Industrial Solar Heating Systems"
7090,"Industrial Technology Research Institute"
6,INENTEC
12251,"Infineon Technologies AG"
202,"Infineon Technologies Americas Corp"
456,Infinera
155,"INFINEUM LIMITED"
514,Innolux
35,Innovalight
4,"Innovation Hammer"
606,"Institut National de la Sante et de la Recherche Medicale (Inse"
738,"Institut Pasteur"
55,"Institute for Systems Biology"
2,"Institute of Advanced Study"
298,Instron
1063,"Integrated Device Technology"
52,"Integrated DNA Technologies"
11,"Integrated Nano-Technologies"
2,"Integrated Solar Technology"
5,Intel
802,"INTEL IP"
7,"Intellectual Keystone Technology"
128,"Intercontinental Great Brands"
172,Interez
4,"Interface Performance Materials"
723,Intermolecular
21,"International AIDS Vaccine Initiative"
119229,"International Business Machines"
36,"International Technology Center"
2,"Intrexon CEU"
2,IntriEnergy
750,"Intuitive Surgical Operations"
412,Invensas
14,"Inventus Holdings"
18,"InView Technology"
80,"InVisage Technologies"
336,"INVISTA North America Sarl"
4,"Ion Power Group"
1042,"Iowa State University Research Foundation"
1142,"Isis Pharmaceuticals"
325,"Ivoclar Vivadent AG"
2,"J E WHITE"
104,"JAC Products"
149,"Janssen Biotech"
654,"JFE STEEL"
527,JNC
131,"John Hopkins University"
2071,"Johns Hopkins Univ"
178,"Johns Manville"
1,"Johnson & Johnson Vision Care"
1151,"Johnson Controls Technology Company"
390,JOLED
26,"Joule Unlimited Technologies"
2,"JSI Equipment Solutions"
1044,JSR
3,"JX Nippon Mining & Metals"
6,"k-Space Associates"
23,"KAI Pharmaceuticals"
143,Kajima
26,"Kala Pharmaceuticals"
2,Kamtec
1211,Kaneka
588,"Kansai Paint Co"
254,"Kansas State University Research Foundation"
73,Kansei
6448,Kao
963,"Karsten Manufacturing"
3,"Kashiv Pharma"
306,"Katholieke Universiteit Leuven"
2045,"Kawasaki Jukogyo Kabushiki Kaisha"
166,"Kemira OY"
171,"Kent State University"
95,Kerr
1840,"Kia Motors"
4516,"Kimberly-Clark Worldwide"
24,"Kinestral Technologies"
1,"Kinetech Power Company"
2,"King Electric Vehicles"
11,KINO
6,Kiverdi
2,"KJ BIOSCIENCES"
4,KLA-Tencor
3,"Koch Biological Solutions"
125,"Kodak Alaris"
36,"KOLO TECHNOLOGIES"
225,"KOLON INDUSTRIES"
3,"Koninklijke Philips NV"
213,"Korea Kumho Petrochemical Co"
239,"Korea Research Institute of Bioscience and Biotechnology"
366,"Korea Research Institute of Chemical Technology"
322,"KOREA UNIVERSITY RESEARCH AND BUSINESS FOUNDATION"
1,"KR Design House"
169,"Kraton Polymers US"
5,Kronos
1,"kSep Systems"
353,"Kulite Semiconductor Products"
2,Kureha
2840,"KYOCERA DOCUMENT SOLUTIONS"
20,"L-3 Communications Cincinnati Electronics"
3,"Lake Lite"
2471,"Lam Research"
1,Landauer
10,"Laserline Mfg"
2,"LATITUDE PHARMACEUTICALS"
676,"Lattice Semiconductor"
1,"LAVA ENERGY SYSTEMS"
800,"Lawrence Livermore National Security"
1,"Leap Frogg"
18,"Lehigh Technologies"
141,"Leigh University"
142,"Lextar Electronics Corp"
3,"LG Bionano"
1,"LG Display Co"
26815,"LG Electronics"
9,"LG NANOH2O"
34,"LGS Innovations"
853,"Life Technologies"
32,"LifeNet Health"
1,"Linne Industries"
567,Lintec
22,"Lion Copolymer Geismar"
2,"LIQUID X PRINTED METALS"
15,"Liquidia Technologies"
14,"Little Kids"
34,Livetv
15,"Lockheed Martin"
10,"Locus Energy"
2,"Lof Solar"
53,"Loma Linda University"
21,"Longhorn Vaccines and Diagnostics"
1,"LORDO AMERICA"
536,"Los Alamos National Security"
63,"Los Angeles Biomedical Research Institute at Harbor-UCLA Medica"
12,"Louisiana Tech Research"
5,"Lovelace Respiratory Research Institute"
1,"LUCERA LABS"
9,Lumenco
76,"Lumentum Operations"
50,"Luna Innovations"
4,"Lux Bio Group"
22,"Lyotropic Therapeutics"
2852,"Macronix Co"
349,Magna
348,"Magnachip Semiconductor"
9,"Magnolia Optical Technologies"
20,"Magnolia Solar"
137,MAHLE
91,"Mainstream Engineering Corp"
2,Mallinckrodt
3,"Manta Instruments"
105,"MANUFACTURING RESOURCES"
25,"Marathon Equipment Company"
1,"Marine Biotech"
33,"Marine Polymer Technologies"
198,Markel
2,"Mary Hitchcock Memorial Hospital"
4,"Masimo Semiconductor"
138,"Massachusetts Eye and Ear Infirmary"
5712,"Massachusetts Institute of Technology"
37,Materia
6,"Matrix Genetics"
1,"Matrix Odyssey"
155,"Mattson Technology"
1013,"Maxim Integrated Products"
1,MAXLINEAR
6,"Maxout Renewables"
936,"Mayo Foundation for Medical Education and Research"
144,"McAlister Technologies"
18,"McElroy Manufacturing"
135,"McMaster University"
14,"Medgenics Medical Israel"
6,Mediatek
67,"Medical Diagnostic Laboratories"
273,"Medical Research Council"
62,"Medicis Pharmaceutical"
14,MEDport
575,"Medtronic Vascular"
1865,"Merck Patent"
1393,"MERCK SHARP & DOHME CORP"
80,"Meso Scale Technologies"
149,Metabolix
9,"Meyer Tool"
2028,"Michelin Recherche et Technique SA"
45,"Michigan Biotechnology Institute"
54,"Michigan Technological University"
1,"Micro Cooling Concepts"
719,"Microchip Technology"
4,"Microchips Biotech"
16,"MicroLink Devices"
58,MICROMIDAS
25496,"Micron Technology"
36,"Microsemi SoC"
7831,"MICROSOFT TECHNOLOGY LICENSING"
60,Microsurge
3,"Midori USA"
70,"Midrex Technologies"
1,"MIETAMARK GENETICS"
7,"MILLENIUM SYNTHFUELS"
856,"Milliken & Company"
4,"Minebea Co"
2,"Mission Product Holdings"
11,"Mississippi State University Research and Technology"
7545,"Mitsubishi Electric"
2136,"Mitsubishi Metal"
177,"Mitsubishi Polyester Film"
197,"Molecular Imprints"
14,"Molecular Rebar Design"
950,"Momentive Performance Materials"
3,"Monarch Power Corp"
10,"Monolithe Semiconductor"
5,MonoSol
4534,"Monsanto Technology"
18,"MONTEREY RESEARCH"
97,Morpho
10,Moxtek
1,Mumetel
5853,"Murata Manufacturing Co"
415,Musco
29,"Nagoya Institute of Technology"
388,"Nalco Company"
18,Nanao
1,"NANO CELL SYSTEMS"
2,"Nano Technics Company"
9,NANOBIO
5,nanoComposix
1,Nanocopocia
85,NanoGram
10,Nanoholdings
1,NanoLab
1,NanoOncology
11,NANOPHARMACEUTICALS
1,NANOPHTHALMICS
5,"Nanoquantum Sciences"
4,"Nanoridge Materials"
3,"Nanospectra Biosciences"
3,Nanostatics
167,Nanosys
2,"Nanotech Biomachines"
1,"NanoTech Lubricants"
190,"Nanotek Instruments"
198,"Nant Holdings IP"
254,Nantero
150,"NATIONAL APPLIED RESEARCH LABORATORIES"
986,"National Cheng Kung University"
126,"National Health Research Institutes"
378,"NATIONAL INSTITUTE FOR MATERIALS SCIENCE"
2,"National Institute of Information and Communications Technology"
91,"National Institutes of Health"
10,"National Security Agency"
188,"National Sun Yat-Sen University"
40,"Nationwide Children's Hospital"
20,"NCC Nano"
94,"NDSU Research Foundation"
11,NEC
1,"Nederlandse Organisatie voor toegepast-natuurwetenschappelijk o"
2,NeoPhotonics
4,NeoVision
1682,NetApp
9,Neumedicines
14,"NeuMoDx Molecular"
3,"Neural Signals"
6,"Neutronic Perpetual Innovations"
260,"New England Biolabs"
292,"New Jersey Institute of Technology"
5,"New Technology Ventures"
1087,"New York University"
5,"Newdoll Enterprises"
2,"NEWFIELD THERAPEUTICS"
14,Newlans
123,Newport
1,"Nexcom Technology"
2168,"NGK Spark Plug Co"
2056,NICHIA
114,"Nippon Chemi-Con"
1543,"Nippon Shokubai Co"
8675,"Nissan Motor Co"
494,"Nissan North America"
42,nLIGHT
47,"nLIGHT Photonics"
3,"NLT TECHNOLOGIES"
8456,NOK
91,Nokia
20,Nokomis
5,"Nordic Technologies"
1465,Nordson
1015,"North Carolina State University"
652,"Northrop Grumman Systems"
13,"Northwest Biotherapeutics"
204,"NOVA Chemicals (International) SA"
1,"Novartis AG"
5,NovaSolix
929,"Novellus Systems"
2,Novon
305,Novozymes
880,"Novozymes A/S"
53,"Novozymes North America"
3,"Novus Energy"
2,"Novus Technology"
92,"Nthdegree Technologies Worldwide"
16,"NuOrtho Surgical"
62,"Nutech Ventures"
9,Nvidia
802,"NXP USA"
1,"OAS Design Group"
38,"Oceanit Laboratories"
1,"Oculus VR"
1,"OFS Fitel"
103,"OHIO STATE INNOVATION FOUNDATION"
5,"Ojai Retinal Technology"
1661,"Oki Data"
5280,OLYMPUS
64,"Olympus NDT"
790,"OmniVision Technologies"
2590,Omron
2,"One Earth Designs"
26,"Opel Solar"
6,"OPTERRA ENERGY SERVICES"
21,Optodot
5737,Oracle
44,"OrbusNeich Medical"
326,"Oregon Health & Science University"
56,"Oregon State University"
77,"Ormat Technologies"
7,"Ormet Circuits"
122,"Ortho-Clinical Diagnostics"
24,"OSI Optoelectronics"
1314,"Osram Sylvania"
44,"Ostendo Technologies"
619,"OTSUKA PHARMACEUTICAL CO"
113,"Ovonic Battery Company"
366,"Owens-Brockway Glass Container"
721,PACCAR
246,"Pacific Biosciences of California"
2,"Pacific Industrial Development"
1504,"Palo Alto Research Center"
5009,"Panasonic Intellectual Property Management Co"
2,"Panasonic Intellectual Property of America"
68,"Paratek Pharmaceuticals"
1,Pardev
69,"Parion Sciences"
32,Parker-Hannifin
3,"PDF Solutions"
1,Pegatron
212,"Peking University"
86,"Pelican Imaging"
11,"PELLION TECHNOLOGIES"
4,"Pendar Technologies"
10,"Pentair Thermal Management"
43,"Pentron Clinical Technologies"
5,"Perkinelmer Holdings"
1,"PeterBrod Corp"
1,"Peytant Solutions"
3978,Pfizer
5,Pharmatrophix
71,Pharmion
612,"Philip Morris USA"
72,"Phoseon Technology"
78,"Photon Dynamics"
8,Piksel
29,"Pioneer Energy"
1007,"Pioneer Hi Bred"
7136,"Pioneer Hi-Bred"
302,Pixar
23,"Pixelligent Technologies"
6,"Plant Sensory Systems"
2,"Plasma Tech Holdings"
23,Plasma-Therm
2,"PLYCEM USA"
40,PNM
68,"POET Research"
1,"POLAR LIGHT TECHNOLOGIES AB"
2,"Polaris Products"
135,Poly-Med
160,PolyOne
90,"PolyPlus Battery Company"
4,Polysar
4,"POSiFA MICROSYSTEMS"
808,"Power Integrations"
150,"Praxair ST Technology"
1289,"Praxair Technology"
3,"Precision Custom Coatings"
8,"Previvo Genetics"
13,"Princeton Optronics"
177,"Production Resource Group"
7,"Propagation Research Associates"
95,Prosoft
117,"PTC Therapeutics"
8,"Pulse Therapeutics"
1304,"Purdue Research Foundation"
2,"Pyrexar Medical"
61,"QD Vision"
184,Qiagen
19519,QUALCOMM
590,"QUALCOMM MEMS Technologies"
113,Quallion
1,Qualsig
6,Quantapore
19,"Quantum Devices"
21,"Quantum Materials"
27,QuantumScape
239,"Quest Diagnostics Investments"
2,QUSWAMI
32,"RA Miller Industries"
3,"RADIANCE SOLAR"
1,"Rapamycin Holdings"
191,"Raytheon BBN Technologies Corp"
6161,"Raytheon Company"
5,"Rebellion Photonics"
1655,"Red Hat"
25,"Redwood Systems"
485,"Regeneron Pharmaceuticals"
1434,"Regents of the University of Minnesota"
106,"Reliance Controls"
30,Relypsa
5718,"Renesas Electronics"
4,"Renewable Algal Energy"
2,"Renewable Opportunities"
16,"Renewable Power Conversion"
2,"RenovaCare Sciences Corp"
32,"RES USA"
254,"Research Development Foundation"
1124,"Research Foundation of State University of New York"
189,"Research Foundation of the City University of New York"
261,"Research Triangle Institute"
21,Revera
4,Revivicor
6,"Reynolds Technologies"
622,"RF Micro Devices"
68,"Rhode Island Hospital"
400,"Rhodia Operations"
1,"Richard H Sherratt and Susan B Sherratt Revocable Trust Fund"
581,"Richtek Technology"
12,"Rima Enterprises"
36,"RINAT NEUROSCIENCE CORP"
1,"Rio Grande Valley Sugar Growers"
204,"Riverbed Technology"
246,"RJ Reynolds Tobacco Company"
175,"Robert Bosch"
210,"Roche Diabetes Care"
332,"Roche Diagnostics"
17,"Roche Innovation Center Copenhagen A/S"
369,"Roche Molecular Systems"
1894,"Rockwell Automation Technologies"
1768,"Rockwell Collins"
2,"Rohm and Haas Chemicals"
2878,"Rohm and Haas Company"
543,"Rohm and Haas Electronic Materials"
2,Roho
1,Roll-N-Lock
204,"Rolls-Royce North American Technologies"
2533,"Rolls-Royce PLC"
518,ROM
284,"Rosemount Aerospace"
61,"RP Scherer Technologies"
54,"Rush University Medical Center"
909,"S C Johnson & Son"
24,"S&S X-Ray Products"
410,"SABIC GLOBAL TECHNOLOGIES BV"
723,"SAE Magnetics (HK)"
394,"SAINT-GOBAIN ABRASIFS"
17,"Saint-Gobain Adfors Canada"
216,"Saint-Gobain Performance Plastics"
59,"Samsung Corning Precision Materials Co"
10204,"SAMSUNG DISPLAY CO"
2,"Samsung Electronics"
82333,"Samsung Electronics Co"
5684,"Samsung SDI Co"
1,Sandia
667,"SanDisk 3D"
2290,"SanDisk Technologies"
84,"Sanford-Burnham Medical Research Institute"
159,"Sangamo BioSciences"
564,"Sanken Electric Co"
891,Sanofi
12,"Santa Clara University"
41,Santoku
8302,"Sanyo Electric Co"
1736,"SAP SE"
51,"Sarepta Therapeutics"
1,"SB ENERGY"
1074,"SC Johnson & Son"
6935,"Schlumberger Technology"
11,"Schneider Electric Solar Inverters USA"
441,"Schneider Electric USA"
4,"SCHOTTKY LSI"
91,"Scientific Design Company"
72,SDCmaterials
3,"SEaB Energy Holdings"
1,"Seagate Technology"
18,"SEEK THERMAL"
8,Seetron
7,"Seiko Epson"
2090,"Seiko Instruments"
35,"SEIKO NPC"
2,"Selas Heat Technology Company"
11,"Selecta Biosciences"
1,Selkermetrics
29,"SELMAN AND ASSOCIATES"
1724,"Semiconductor Components Industries"
12593,"Semiconductor Energy Laboratory Co"
3,"Semiconductor Manufacturing (Shanghai)"
9,Semics
92,"Semileds Optoelectronics Co"
26,Semprius
13,Senaya
200,"Sensor Electronic Technology"
3,Sensor-Kinesis
20,"SeQual Technologies"
131,Sequenom
24,ServiceNow
20280,"Sharp Kabushiki Kaisha"
2009,"Sharp Laboratories of America"
7260,"Shell Oil Company"
2554,"Shenzhen China Star Optoelectronics Technology Co"
1943,Shimadzu
4450,"Shin-Etsu Chemical Co"
8,"Shoals Technologies Group"
1,"SHOW ME ENERGY"
3,Shubin
35,"Sichuan University"
371,"Sick AG"
158,"SICPA Holding SA"
302,Siemens
1110,"Siemens Energy"
705,"Siemens Industry"
1738,"Siemens Medical Solutions USA"
12,"Sienna Biopharmaceuticals"
8,"Sienna Labs"
6,"Sierra Sciences"
95,"Sigma-Aldrich Co"
1,Sigmatel
166,"SII Semiconductor"
6,"Sila Nanotechnologies"
143,"Silicon Genesis"
404,"Silicon Storage Technology"
571,"Siliconware Precision Industries Co"
22,"Silicor Materials"
34,"Siluria Technologies"
20,Simbol
3,"Simple Approach Systems"
1,Sinewatts
6,"Singular Bio"
20,Singulex
3,"Sinton Consulting"
69,"Sion Power"
5,Sirnaomics
36,"SixPoint Materials"
4285,"SK Hynix"
570,"SK Telecom Co"
3,"Smart Planet Technologies"
1153,"Smith & Nephew"
2,"SNS NANO FIBER TECHNOLOGY"
2,SOL-ELECTRICA
36,"Sola USA"
3,SolaBlock
22,"Solar Junction"
12,Solar-Tectic
2,SolarCity
4,"Solaris Holdings Limited"
2,SolarLego
8,"Solarmer Energy"
9,"SolarReserve Technology"
1,SOLARTONIC
5,"SolarWorld Americas"
63,SOLAZYME
1,"SOLENA FUELS"
5,Solexa
1,"Solight Solar"
1,"Soliton Lasers"
23,Solutia
3,SonoGene
4,Sony
515,"Sony Interactive Entertainment America"
1,"Sophoro Biotechnologies"
168,Soraa
95,"Soraa Laser Diode"
19,"South Dakota Board of Regents"
917,"Southwest Research Institute"
2,"SPICE SOLAR"
13,"SRG Global"
175,"St Jude Children's Research Hospital"
1,"St Jude Medical"
5,"Stablcor Technology"
6,"STANDARD ALCOHOL COMPANY OF AMERICA"
143,"Stanford University"
1049,"Stanley Electric Co"
4,"Star Technology and Research"
1,"Starlight Energy Holdings"
1,"Starsource Scientific"
1590,"STATS ChipPAC"
413,STCUNM
30,"Stellenbosch University"
19,"Stevens Institute of Technology"
76,"Stichting Energieonderzoek Centrum Nederland"
630,"STMicroelectronics Limited"
89,"Stora Enso Oyj"
44,Stratasys
2,"Strategic Solar Energy"
427,Sumco
164,"Sumitomo Electric Device Innovations"
7006,"Sumitomo Electric Industries"
2660,"Sumitomo Rubber Industries"
3375,"SUMITOMO WIRING SYSTEMS"
405,"Sun Chemical"
39,"Sun Drilling Products"
3,"Sun Synchrony"
26,"Suncore Photovoltaics"
2,"SunCulture Solar"
14,"Sundrop Fuels"
32,SunEdison
2,Sungevity
232,"Sungkyunkwan University Foundation for Corporate Collaboration"
43,"Sunlight Photonics"
473,SunPower
1,SunRun
12,"Sunrun South"
1,SUNSALUTER
30,Supremex
3,"Sustainable Technologies"
1,"Sutter Bay Hospitals"
150,"Swagelok Company"
7,"Sweetwater Energy"
8,"Swift Engineering"
1,Symantec
12,"Synaptic Research"
1205,"Syngenta Participations AG"
1585,Synopsys
50,"Synthetic Genomics"
7,Synthezyme
3,"SYNTHOMER USA"
189,"Syracuse University"
1284,Sysmex
3,"System Biosciences"
16387,"Taiwan Semiconductor Manufacturing Company"
132,"Takara Bio"
715,"Takeda Pharmaceutical Company Limited"
108,Tamura
203,"Tanaka Kikinzoku Kogyo KK"
2,Tapwave
2,"Tarveda Therapeutics"
392,"Tata Consultancy Services Limited"
1,"Tau Therapeutics"
3,"Taxon Biosciences"
5848,TDK
3,"Teal Sales"
4,"TECHNOLOGY RESEARCH"
1,TECNIUM
2,Tekkware
66,"TEKNOR APEX COMPANY"
207,"Tela Innovations"
141,"Teledyne Scientific & Imaging"
441,"Teradata US"
1,"Terra Caloric"
19,"TerraVia Holdings"
1,"Tersus Environmental"
7,"Tesla Nanocoatings"
751,Tessera
13,"Tessera Advanced Technologies"
12,TetraSun
22114,"Texas Instruments"
314,"Texas Instruments Deutschland"
29,"Texas Research"
3,"Texas State University-San Marcos"
97,"Texas Tech University"
1,"Th United States of America as represented by the Secretary of "
1132,"The Babcock & Wilcox Company"
457,"The Board of Regents of the University of Nebraska"
4,"The Board of Supervisors of Louisiana State University and Agri"
12,"The Board of Trustees for the Leland Stanford Junior University"
79,"The Board of Trustees of Southern Illinois University"
7,"The Board of Trustees of the Leland Stanford Junior University"
549,"The Board of Trustees of the University of Arkansas"
1422,"The Board of Trustees of the University of Illinois"
14024,"The Boeing Company"
1,"The Carbon Cable Company"
749,"The Charles Stark Draper Laboratory"
151,"The Children's Hospital of Philadelphia"
696,"The Cleveland Clinic Foundation"
3,"The Eastern Co"
108,"The Florida University Board of Trustees"
1834,"The General Hospital"
104,"The George Washington University"
6253,"The Goodyear Tire & Rubber Company"
3,"The Government of the United States as represented by the Secre"
2,"The Government of the United States of America as represented b"
276,"The Governors of the University of Alberta"
114,"The Henry M Jackson Foundation for the Advancement of Military "
362,"The Hong Kong University of Science and Technology"
112,"The Iams Company"
65,"The J David Gladstone Institutes"
47,"The Jackson Laboratory"
11,"The Methodist Hospital System"
11,"The of Mercer University"
421,"The Ohio State University"
383,"The Ohio State University Research Foundation"
5,"The Paymaster"
908,"The Penn State Research Foundation"
13578,"The Procter & Gamble Company"
10774,"The Regents of the University of California"
626,"The Regents of the University of Colorado"
2003,"The Regents of the University of Michigan"
244,"The Research Foundation for the State University of New York"
1,"The Research Foundation of State University Of New York Researc"
599,"The Rockefeller University"
1,"The Royal Institution for the Advancement of Learning/McGill Un"
50,"The Samuel Roberts Noble Foundation"
948,"The Scripps Research Institute"
1,"The State of Oregon Acting by and through the State Board of Hi"
8,"THE SWEET LIVING GROUP"
702,"The Texas A&M University System"
78,"The Trustees of Boston College"
1689,"The Trustees of Columbia University in the City of New York"
99,"The Trustees of the Stevens Institute of Technology"
1612,"The Trustees of the University of Pennsylvania"
1,"The United States Goverment as represented by the Administrator"
8,"The United States Government as Represented by the Department o"
1,"The United States of America as repesented by the Secretary of "
1,"The United States of America as Represented by the Administrato"
3,"The United States of America as represented by the Secretary of"
1,"The Unites States of America as represented by the Department o"
77,"THE UNIVERSITY COURT OF THE UNIVERSITY OF GLASGOW"
480,"The University of Akron"
604,"The University of Chicago"
341,"The University of Cincinnati"
526,"The University of Connecticut"
60,"The University of Liverpool"
407,"The University of Maryland"
824,"The University of North Carolina at Chapel Hill"
374,"The University of Pittsburgh"
2,"The University of Texas at Arlington"
352,"The University of Toledo"
3,TheGreenCell
17,"Theraclone Sciences"
25,"Therapeutic Proteins"
301,"Thermo Finnigan"
2,"Thermorefinery Technologies"
1,"Thermoretinary Technologies"
422,"Thomas Jefferson University"
5,Thoratec
10,Thorlabs
14,"Thorlabs Quantum Electronics"
12,"Thorn Bioscience"
138,Ticona
58,"Tigo Energy"
421,"TIME WARNER CABLE ENTERPRISES"
248,TMC
245,"Toda Kogyo"
445,"Tohoku University"
6772,"Tokyo Electron Limited"
926,"Tokyo Ohka Kogyo Co"
2,"TOMOWAVE LABORATORIES"
2106,"Toray Industries"
99,"Toray Plastics (America)"
62,"Toshiba America Electronic Components"
4059,"Toshiba Tec Kabushiki Kaisha"
793,Tosoh
69,"Total Marketing Services"
20794,"Toyota Jidosha Kabushiki Kaisha"
1667,"Toyota Motor Engineering & Manufacturing North America"
9,"TP Solar"
84,Traex
283,TRANE
145,"Transitions Optical"
4,"Transposagen Biopharmaceuticals"
4,"Transtron Solutions"
28,"Travis Industries"
3,"TRI ALPHA ENERGY"
92,"TRIDONIC & CO KG"
30,"Triple Ring Technologies"
5,"TRITON MICROTECHNOLOGIES"
27,"Triune IP"
4,"Truckee Applied Genomics"
5,"True-Safe Technologies"
285,"Trustees of Tufts College"
1737,"Tsinghua University"
9,"TT Technologies"
33,"Tufts Medical Center"
119,"Tufts University"
1,"Turf Group"
33,"Turtle Beach"
76,Twitter
4,"Two Blades Foundation"
2046,"Tyco Electronics"
63,"Tyco Electronics UK"
174,"UCB Pharma SA"
437,"UChicago Argonne"
2,Uni-Charm
48,"Unifrax I"
219,"UNISANTIS ELECTRONICS SINGAPORE PTE"
2,"Uniseal Solutions"
8310,"United Technologies"
245,"Unity Semiconductor"
1,"UNIVERITY OF MASSACHUSETTS"
460,"Universal Display"
1,"Universal Leaf Tobacco Co"
30,"University of Calcutta"
635,"University of Central Florida Research Foundation"
165,"University of Dayton"
1224,"University of Florida Research Foundation"
622,"University of Georgia Research Foundation"
694,"University of Iowa Research Foundation"
634,"University of Kentucky Research Foundation"
200,"University of Louisville Research Foundation"
816,"University of Massachusetts"
34,"University of Memphis Research Foundation"
261,"University of Miami"
246,"University of North Carolina"
78,"University of Puerto Rico"
705,"University of Rochester"
1176,"University of South Florida"
1443,"University of Southern California"
291,"University of Tennessee Research Foundation"
1000,"University of Utah Research Foundation"
1083,"University of Washington"
1,"University of Washington through its Center for Commercializati"
116,"University of Wyoming"
2362,UOP
8,"US Army Medical Research and Material Command"
51,"US NUTRACEUTICALS"
62,"US Smokeless Tobacco Company"
1052,UT-Battelle
63,"UTC FIRE & SECURITY"
26,"UVIC INDUSTRY PARTNERSHIPS"
53,"UWM Research Foundation"
6,"V35A Enterprises"
14,"Vadient Optics"
4,VALTED
691,"Vanderbilt University"
1,"VANDERBILT UNIVERSITY CENTER FOR TECHNOLOGY TRANSFER AND COMMER"
713,"Varian Semiconductor Equipment Associates"
7,"Vascular BioSciences"
6,"VEECO PRECISION SURFACE PROCESSING"
180,"Ventana Medical Systems"
19,Veracode
5,Veracyte
169,"VERILY LIFE SCIENCES"
7,"VERLASE TECHNOLOGIES"
1,"Verliant Energy"
518,VIASAT
2,"VINDICO NANOBIO TECHNOLOGY"
1,"Vindico NanoBioTechnology"
8,VINYLAST
58,"VIOLIN MEMORY"
257,"Virginia Commonwealth University"
548,"Virginia Tech Intellectual Properties"
1,"Visa Business Machines"
3,"VivaLnk Limited (Cayman Islands)"
177,Vizio
2,VMware
48,"Volterra Semiconductor"
18,"Vorbeck Materials"
30,Voxtel
4,"W&Wsens Devices"
1,"WADHAM ENERGY LP"
46,WAFERTECH
142,"Wake Forest University"
1691,"Warsaw Orthopedic"
135,"Washington State University"
196,"Washington State University Research Foundation"
807,"Washington University"
38,"Washington University in St Louis"
305,"Waters Technologies"
160,"Watlow Electric Manufacturing Company"
1,"Wave Energy Conversion of America"
353,"Wayne State University"
1,"WCA Group"
3,"WELL Shield"
31,"Wentworth Laboratories"
108,"West Virginia University"
712,"Western Digital (Fremont)"
2194,"Western Digital Technologies"
6,"WestPoint Home"
30,WHATSAPP
241,"Whitehead Institute for Biomedical Research"
23,Wikipad
404,"William Marsh Rice University"
1125,"Winbond Electronics Corp"
39,"Wireless Environment"
2981,"Wisconsin Alumni Research Foundation"
59,"WiSys Technology Foundation"
2,"Wizard Labs"
3,"Women and Infants' Hospital Rhode Island"
13,Wostec
2,WOVN
80,"Wright State University"
55,"Wyatt Technology"
320,"X DEVELOPMENT"
8,"Xenogenic Development Limited Liability Company"
22548,Xerox
52,Xintec
197,Xyleco
26,Yageo
834,"Yale University"
3,Yamaha
929,"Yeda Research and Development Co"
1,Yissum
240,Z124
41,"ZENA TECHNOLOGIES"
96,"Zeno Semiconductor"
41,"Zenon Technology Partnership"
1,"Zephyr Energy Systems"
287,"ZIH Corp"
51,Ziptronix
73,"Zoetis Services"
31,ZON
13,"Zyvex Labs"
