King Electric Vehicles Inc.,https://king-electric.com/
NanoGram Corporation,nanogram.com
Pharmatrophix,pharmatrophix.com/
Sun Synchrony,sunsynchrony.com/
True-Safe Technologies,true-safe.com/
Building Envelope Innovations,wet-flash.com/
ADMA Products,admaproducts.com/#!
Enginuity Worldwide,enginuityww.webstarts.com/
Morpho,morpho.com/en
Suganit Systems,suganit.com/
NOVA PANGAEA TECHNOLOGIES LIMITED,novapangaea.com/
Narsys,http://www.narsystech.com/
Pardev,pardev.com/
Lumenco,en.lumenco.ca/
Teal Sales Incorporated,tsi-inc.net
Polysar Corporation,polystar.com/
The Iams Company,iams.com/
TECHNOLOGY RESEARCH,trci.net/
GIGA SOLAR FPC,gigasolarpv.com/
Aurora Alage,aurorabiofuels.com/
INENTEC INC.,inentec.com/
PNM,pnm.com/
Tesla Nanocoatings,teslanano.com/
ESCAPE THERAPEUTICS,escapetherapeutics.com/
Cima NanoTech Israel Ltd.,cimananotech.com/
Tanaka Kikinzoku Kogyo K.K.,gold.tanaka.co.jp/english/
Pyrexar Medical Inc.,pyrexar.com/
Sirnaomics,new.sirnaomics.com/
Swagelok Company,swagelok.com/
PELLION TECHNOLOGIES,pelliontech.com/
Traex Corporation,vollrath.com/Traex-Full-Size-Compartment-Racks-1766.htm
Yeda Research and Development Co.,yedarnd.com/Overview
Bisco,biscoind.com/
QuantumScape Corporation,quantumscape.com/
Galemed Corporation,galemed.com/manager/eService/RC08-all_0225.pdf
Opel Solar,opelinc.com/
K.S. INTERNATIONAL CO.,ksandco.com/
Locus Energy,locusenergy.com/
SOLAZYME,solazyme.com/
Chipmos Technologies Inc.,chipmos.com/index-en.aspx
TheGreenCell,thegreencell.com/
Shimadzu Corporation,shimadzu.com/
Intellectual Keystone Technology LLC,ikt.us.com/
Ostendo Technologies,ostendo.com/
Nestec S. A.,nestle.com/
Cook Biotech Incorporated,cookbiotech.com/
Kajima Corporation,kajimausa.com/
Sysmex Corporation,sysmex.com/Pages/default.aspx
GlassPoint Solar,glasspoint.com/
Ajinomoto Althea,ajibio-pharma.com/
