POLAR LIGHT TECHNOLOGIES AB,polar-light-technologies.com/
Yeda Research and Development Co.,yedarnd.com/Overview
Diamond Innovations,hyperionmt.com/
Xyleco,xyleco.com/
BRIGHTLEAF TECHNOLOGIES INC.,brightleafpower.com/
Bisco,biscoind.com/
Angstron Materials,theglobalgraphenegroup.com/
AROG PHARMACEUTICALS,arogpharmaceuticals.com/
Avalanche Technology,avalanche-technology.com/
QuantumScape Corporation,quantumscape.com/
Biological Dynamics,biologicaldynamics.com/
Schlumberger Technology Corporation,slb.com/
Galemed Corporation,galemed.com/manager/eService/RC08-all_0225.pdf
