Transilwrap Company,transcendia.com/
Sysmex Corporation,sysmex.com/Pages/default.aspx
IDEX Health & Science LLC,idex-hs.com/
KYOCERA DOCUMENT SOLUTIONS INC.,kyoceradocumentsolutions.com/
Access Business Group International LLC,accessbusinessgroup.com/
Agena Bioscience,agenabio.com/
Fujitsu Semiconductor Limited,fujitsu.com/jp/group/fsl/en/
Moxtek,moxtek.com/
Kaneka Corporation,kaneka.co.jp/en/
Turtle Beach Corporation,turtlebeach.com/
Wyatt Technology Corporation,wyatt.com/
Wine.com,wine.com/
Coleman Cable,colemancables.com/
Zephyr Energy Systems LLC,zephyrenergy.com/
Kobe Steel,kobelco.co.jp/english/
Singulex,singulexclarity.eu/
Aerogen,aerogen.com/
D-Wave Systems Inc.,dwavesys.com/
Synthetic Genomics,syntheticgenomics.com/
Midrex Technologies,midrex.com/
Newlans,newlans.com/
MonoSol,monosol.com/
Kulite Semiconductor Products,kulite.com/
Helios Focus LLC,heliosfocus.com/
Complete Genomics,completegenomics.com/
Codexis,codexis.com/
Adhesives Research,adhesivesresearch.com/
L-3 Communications Cincinnati Electronics Corporation,cinele.com/
GlassPoint Solar,glasspoint.com/
Teledyne Scientific & Imaging,teledyne-si.com/
Biocare Medical,biocare.net/
Kansai Paint Co.,kansai.com/
Furukawa Electric Co.,furukawa.co.jp/en/
Lextar Electronics Corp.,lextar.com/?sn=32&lang=en-US
DuPont Teijin Films U.S. Limited Partnership,usa.dupontteijinfilms.com/
Rohm and Haas Electronic Materials LLC,dowelectronicmaterials.com/
McElroy Manufacturing,mcelroy.com/
Sequenom,sequenom.com/
Hon Hai Precision Industry Co.,foxconn.com/
Newport Corporation,newport.com/
Abbott Molecular Inc.,molecular.abbott/
Abbott Point of Care Inc.,pointofcare.abbott/us/en/home
Soraa,soraa.com/
Soraa Laser Diode,soraalaser.com/
Applied Optoelectronics,ao-inc.com/
Bend Research,capsugel.com/locations/bend-oregon-usa
E. I. du Pont de Nemours and Company,dupont.com/
E.I. du Pont de Nemours and Company,dupont.com/
Texas Research International,tri-intl.com/
Supremex Inc.,supremex.com/
The Samuel Roberts Noble Foundation,noble.org/
Ajinomoto Althea,ajibio-pharma.com/
Hyundai Motor Company,hyundaiusa.com/
Mitsubishi Polyester Film,m-petfilm.com/
Sangamo BioSciences,sangamo.com/
Lovelace Respiratory Research Institute,lrri.org/
George Mason Research Foundation,www2.gmu.edu/research
Humanetics Corporation,humaneticsatd.com/
Veracyte,veracyte.com/
Columbia Insurance Company,colinsgrp.com/site/
ASM IP HOLDING B.V.,asm.com/
ASM IP Holdings LLC,asm.com/
AgroFresh Inc.,agrofresh.com/
INTEVAC,intevac.com/
Hitachi Metals,hitachimetals.com/
Sungevity Inc.,sungevity.com/
Tigo Energy,tigoenergy.com/
Adaptive Biotechnologies Corp.,adaptivebiotech.com/
Halliburton Energy Services,halliburton.com/en-US/default.html
Headway Technologies,headway.com/
Magnachip Semiconductor,magnachip.com/
Yageo Corporation,yageo.com/portal/product/product.jsp
Cross Match Technologies,crossmatch.com/
Applied Nanostructures,appnano.com/
BASF Coatings GmbH,basf-coatings.com/global/ecweb/en/
Grain Processing Corporation,grainprocessing.com/
Luna Innovations Incorporated,lunainc.com/
Xerox Corporation,xerox.com/
FutureWei Technologies,huawei.com/us/
DECA Technologies Inc.,decatechnologies.com/
Canon,usa.canon.com/internet/portal/us/home
Alpha and Omega Semiconductor Incorporated,aosmd.com/
Samsung Electronics Co.,samsung.com/us/
Inventus Holdings,inventusholdings.com/
Harris Corporation,harris.com/
SK Hynix Inc.,skhynix.com/eng/index.jsp
Electronic Warfare Associates,ewa.com/
Brewer Science Inc.,brewerscience.com/
Proterra Inc.,proterra.com/
mVerify Corporation,numverify.com/
ACell,acell.com/
Saint-Gobain Adfors Canada,adfors.com/us/
CARBO Ceramics Inc.,carboceramics.com/about/about-carbo
Zygo Corporation,zygo.com/
KOLON INDUSTRIES,kolonindustries.com/eng/main.asp
Relypsa,relypsa.com/
Toray Plastics (America),toraytpa.com/
nLIGHT,nlight.net/
nLIGHT Photonics Corporation,nlight.net/
FUJIFILM Dimatix,fujifilmusa.com/products/industrial_inkjet_printheads/index.html
