Yamaha Corporation,http://yamaha-motor.com/corporate/dealers/corporate_locator_search.aspx?ls=corporate
Wine.com,https://www.wine.com/content/business-dev/partnerships
Vizio Inc.,https://www.vizio.com/content-partners
VMware,https://www.vmware.com/partners.html
VMware,https://www.vmware.com/go/partnercentral
VMware,https://www.vmware.com/partners/oem.html
VMware,https://www.vmware.com/partners/siso.html
VMware,https://www.vmware.com/master-services.html
VMware,https://www.vmware.com/my-vmware-partners.html
VMware,https://www.vmware.com/company/merchandise.html
VMware,https://www.vmware.com/go/try-vsphere-ops-mgr-en
VMware,https://www.vmware.com/company/acquisitions.html
VMware,https://www.vmware.com/go/download-vsphere-ops-mgr
VMware,https://www.vmware.com/partners/tech-alliance.html
VMware,https://www.vmware.com/company/sustainability.html
VMware,https://www.vmware.com/company/briefing_center.html
VMware,https://www.vmware.com/company/vmware-on-vmware.html
VMware,https://www.vmware.com/company/office_locations.html
VMware,https://www.vmware.com/partners/global-alliances.html
VMware,https://www.vmware.com/partners/become-a-partner.html
VMware,https://www.vmware.com/partners/service-provider.html
VMware,https://www.vmware.com/partners/training-centers.html
VMware,https://www.vmware.com/partners/partner-learning.html
VMware,https://www.vmware.com/company/why-choose-vmware.html
VMware,https://www.vmware.com/partners/solution-provider.html
VMware,https://www.vmware.com/partners/work-with-partners.html
VMware,https://www.vmware.com/company/research/it-academy.html
VMware,https://www.vmware.com/partners/excel-as-a-partner.html
VMware,https://www.vmware.com/company/news/media-resources.html
VMware,https://www.vmware.com/group/vmware/support-contract-history
VMware,https://www.vmware.com/partners/tech-alliance/isv-center.html
VMware,https://www.vmware.com/partners/tech-alliance/embedded-oem.html
VMware,https://www.vmware.com/partners/tech-alliance/vmware-ready.html
VMware,https://www.vmware.com/support/vcenter-operations-management.html
VMware,https://www.vmware.com/partners/strategic-technology-partners.html
VMware,https://www.vmware.com/solutions/virtualization/cloud-management.html
VMware,https://www.vmware.com/solutions/virtualization/virtualization-management.html
Kabushikikaisha Toshiba,http://www.toshiba.com/csr
Waters Technologies Corporation,http://www.waters.com/waters/promotionDetail.htm?locale=en_US&id=134829415
Waters Technologies Corporation,http://www.waters.com/waters/promotionDetail.htm?locale=en_US&id=134959109
Waters Technologies Corporation,http://www.waters.com/waters/promotionDetail.htm?locale=en_US&id=134623770
Waters Technologies Corporation,http://www.waters.com/waters/en_US/Quaternary-Solvent-Management/nav.htm?cid=134776204&locale=en_US
Waters Technologies Corporation,http://www.waters.com/waters/en_US/NuGenesis-Lab-Management-System/nav.htm?cid=10067099&locale=en_US
Virent,http://www.virent.com/partners/
Virent,http://www.virent.com/partners/government/
Nederlandse Organisatie voor toegepast-natuurwetenschappelijk onderzoek TNO,https://www.tno.nl/en/collaboration/partners-of-tno/
Nederlandse Organisatie voor toegepast-natuurwetenschappelijk onderzoek TNO,https://www.tno.nl/en/about-tno/research-on-hot-topics/
Nederlandse Organisatie voor toegepast-natuurwetenschappelijk onderzoek TNO,https://www.tno.nl/en/about-tno/tno-and-its-social-role/
Nederlandse Organisatie voor toegepast-natuurwetenschappelijk onderzoek TNO,https://www.tno.nl/en/about-tno/contact/corporate-legal/
Nederlandse Organisatie voor toegepast-natuurwetenschappelijk onderzoek TNO,https://www.tno.nl/en/about-tno/international/tno-caribbean/
Nederlandse Organisatie voor toegepast-natuurwetenschappelijk onderzoek TNO,https://www.tno.nl/en/about-tno/organisation/executive-board/
Nederlandse Organisatie voor toegepast-natuurwetenschappelijk onderzoek TNO,https://www.tno.nl/en/about-tno/mission-and-strategy/tno-code/
Nederlandse Organisatie voor toegepast-natuurwetenschappelijk onderzoek TNO,https://www.tno.nl/en/about-tno/international/tno-middle-east/
Nederlandse Organisatie voor toegepast-natuurwetenschappelijk onderzoek TNO,https://www.tno.nl/en/about-tno/more-about-our-work/press-kit/
Nederlandse Organisatie voor toegepast-natuurwetenschappelijk onderzoek TNO,https://www.tno.nl/en/about-tno/organisation/supervisory-board/
Nederlandse Organisatie voor toegepast-natuurwetenschappelijk onderzoek TNO,https://www.tno.nl/en/about-tno/international/tno-south-east-asia/
Nederlandse Organisatie voor toegepast-natuurwetenschappelijk onderzoek TNO,https://www.tno.nl/en/about-tno/more-about-our-work/annual-reports/
Nederlandse Organisatie voor toegepast-natuurwetenschappelijk onderzoek TNO,https://www.tno.nl/en/about-tno/contact/corporate-legal/disclaimer/
Nederlandse Organisatie voor toegepast-natuurwetenschappelijk onderzoek TNO,https://www.tno.nl/en/about-tno/more-about-our-work/tno-newsletters/
Nederlandse Organisatie voor toegepast-natuurwetenschappelijk onderzoek TNO,https://www.tno.nl/en/about-tno/more-about-our-work/the-impact-of-tno/
Nederlandse Organisatie voor toegepast-natuurwetenschappelijk onderzoek TNO,https://www.tno.nl/en/collaboration/tno-and-sme-s/cooperation-partners/
Nederlandse Organisatie voor toegepast-natuurwetenschappelijk onderzoek TNO,https://www.tno.nl/en/about-tno/events/2019/resilient-ship-design-course/
Nederlandse Organisatie voor toegepast-natuurwetenschappelijk onderzoek TNO,https://www.tno.nl/en/about-tno/organisation/council-for-defence-research/
Nederlandse Organisatie voor toegepast-natuurwetenschappelijk onderzoek TNO,https://www.tno.nl/en/about-tno/contact/corporate-legal/privacy-statement/
Nederlandse Organisatie voor toegepast-natuurwetenschappelijk onderzoek TNO,https://www.tno.nl/en/about-tno/more-about-our-work/tno-working-paper-series/
Nederlandse Organisatie voor toegepast-natuurwetenschappelijk onderzoek TNO,https://www.tno.nl/en/about-tno/tno-and-its-social-role/animal-testing-policy/
Nederlandse Organisatie voor toegepast-natuurwetenschappelijk onderzoek TNO,https://www.tno.nl/en/about-tno/tno-and-its-social-role/innovation-for-development/
Nederlandse Organisatie voor toegepast-natuurwetenschappelijk onderzoek TNO,https://www.tno.nl/en/about-tno/research-on-hot-topics/real-world-vehicle-emissions/
Nederlandse Organisatie voor toegepast-natuurwetenschappelijk onderzoek TNO,https://www.tno.nl/en/about-tno/tno-and-its-social-role/animal-testing-policy/policy/
Nederlandse Organisatie voor toegepast-natuurwetenschappelijk onderzoek TNO,https://www.tno.nl/en/about-tno/tno-and-its-social-role/innovation-for-development/health/
Nederlandse Organisatie voor toegepast-natuurwetenschappelijk onderzoek TNO,https://www.tno.nl/en/about-tno/news/2018/11/missions-as-a-solution-to-societal-challenges/
Nederlandse Organisatie voor toegepast-natuurwetenschappelijk onderzoek TNO,https://www.tno.nl/en/about-tno/tno-and-its-social-role/corporate-social-responsibility-csr/
Nederlandse Organisatie voor toegepast-natuurwetenschappelijk onderzoek TNO,https://www.tno.nl/en/about-tno/tno-and-its-social-role/animal-testing-policy/collaboration/
Nederlandse Organisatie voor toegepast-natuurwetenschappelijk onderzoek TNO,https://www.tno.nl/en/collaboration/tno-and-sme-s/cooperation-partners/industrial-associations/
Nederlandse Organisatie voor toegepast-natuurwetenschappelijk onderzoek TNO,https://www.tno.nl/en/about-tno/contact/corporate-legal/tno-computer-incident-response-team-cert/
Nederlandse Organisatie voor toegepast-natuurwetenschappelijk onderzoek TNO,https://www.tno.nl/en/about-tno/tno-and-its-social-role/innovation-for-development/food-nutrition/
Nederlandse Organisatie voor toegepast-natuurwetenschappelijk onderzoek TNO,https://www.tno.nl/en/about-tno/tno-and-its-social-role/animal-testing-policy/better-alternatives/
Nederlandse Organisatie voor toegepast-natuurwetenschappelijk onderzoek TNO,https://www.tno.nl/en/about-tno/tno-and-its-social-role/innovation-for-development/access-to-water/
Nederlandse Organisatie voor toegepast-natuurwetenschappelijk onderzoek TNO,https://www.tno.nl/en/about-tno/tno-and-its-social-role/animal-testing-policy/facts-and-figures-2017/
Nederlandse Organisatie voor toegepast-natuurwetenschappelijk onderzoek TNO,https://www.tno.nl/en/about-tno/research-on-hot-topics/real-world-fuel-consumption-of-passenger-cars/
Nederlandse Organisatie voor toegepast-natuurwetenschappelijk onderzoek TNO,https://www.tno.nl/en/about-tno/tno-and-its-social-role/innovation-for-development/sustainable-energy/
Nederlandse Organisatie voor toegepast-natuurwetenschappelijk onderzoek TNO,https://www.tno.nl/en/about-tno/tno-and-its-social-role/animal-testing-policy/animal-free-innovations/
Nederlandse Organisatie voor toegepast-natuurwetenschappelijk onderzoek TNO,https://www.tno.nl/en/about-tno/news/2018/11/somni-and-tno-conclude-licence-agreement-for-use-of-patents/
Nederlandse Organisatie voor toegepast-natuurwetenschappelijk onderzoek TNO,https://www.tno.nl/en/about-tno/tno-and-its-social-role/innovation-for-development/mobile-services-and-ict/
Nederlandse Organisatie voor toegepast-natuurwetenschappelijk onderzoek TNO,https://www.tno.nl/en/about-tno/tno-and-its-social-role/animal-testing-policy/animals-in-life-sciences-research/
Nederlandse Organisatie voor toegepast-natuurwetenschappelijk onderzoek TNO,https://www.tno.nl/en/about-tno/more-about-our-work/press-kit/press-kit-grand-cooperative-driving-challenge-2016/
Nederlandse Organisatie voor toegepast-natuurwetenschappelijk onderzoek TNO,https://www.tno.nl/en/about-tno/news/2018/11/tno-uses-urban-strategy-to-map-the-effects-of-urban-planning-in-amsterdam/
Nederlandse Organisatie voor toegepast-natuurwetenschappelijk onderzoek TNO,https://www.tno.nl/en/about-tno/events/2018/international-congress-when-electrons-power-molecules-at-brightlands-chemelot-campus/
Nederlandse Organisatie voor toegepast-natuurwetenschappelijk onderzoek TNO,https://www.tno.nl/en/about-tno/news/2018/11/airbus-netherlands-and-tno-partner-for-development-of-next-generation-gigabit-optical-ground-station/
Xerox Corporation,https://www.xerox.com/about-xerox/my-support/
Xerox Corporation,https://www.xerox.com/en-us/about/website-terms-of-use
Xerox Corporation,https://www.xerox.com/about-xerox/environment/enus.html
Xerox Corporation,http://www.xerox.com/about-xerox/country-select/xxxx.html
Xerox Corporation,https://www.xerox.com/corporate-social-responsibility/2018/
Xerox Corporation,https://www.xerox.com/about-xerox/partner-programs/enus.html
Xerox Corporation,https://www.xerox.com/about-xerox/customer-training/enus.html
Xerox Corporation,https://www.xerox.com/about-xerox/account-management/enus.html
Xerox Corporation,https://www.xerox.com/en-us/about/corporate-social-responsibility
Xerox Corporation,https://www.xerox.com/en-us/services/document-management-solutions
Xerox Corporation,https://www.xerox.com/en-us/services/enterprise-content-management
Xerox Corporation,https://www.xerox.com/en-us/services/document-management-contact-us
Xerox Corporation,http://www.xerox.com/about-xerox/country-select/xxxx.html?url=https%3A%2F%2Fwww.xerox.com%2F
Ube Industries,https://ube-ind.co.jp/ube/en/corporate/about/index.html
Ube Industries,https://ube-ind.co.jp/ube/en/corporate/group/index.html
Ube Industries,https://ube-ind.co.jp/ube/en/corporate/office/index.html
Ube Industries,https://ube-ind.co.jp/ube/en/corporate/about/profile.html
Ube Industries,https://ube-ind.co.jp/ube/en/corporate/about/history.html
Ube Industries,https://ube-ind.co.jp/ube/en/corporate/personal/index.html
Ube Industries,https://ube-ind.co.jp/ube/en/corporate/contents/index.html
Ube Industries,https://ube-ind.co.jp/ube/en/corporate/shareinfo/index.html
Ube Industries,https://ube-ind.co.jp/ube/en/corporate/about_ube/index.html
Ube Industries,https://ube-ind.co.jp/ube/en/corporate/shareinfo/share.html
Ube Industries,https://ube-ind.co.jp/ube/en/corporate/about/about_ube.html
Ube Industries,https://ube-ind.co.jp/ube/en/corporate/management/risk.html
Ube Industries,https://ube-ind.co.jp/ube/en/corporate/directors/index.html
Ube Industries,https://ube-ind.co.jp/ube/en/corporate/management/index.html
Ube Industries,https://ube-ind.co.jp/ube/en/corporate/ir_library/index.html
Ube Industries,https://ube-ind.co.jp/ube/en/corporate/shareinfo/return.html
Ube Industries,https://ube-ind.co.jp/ube/en/corporate/about/exhibition.html
Ube Industries,https://ube-ind.co.jp/ube/en/corporate/shareinfo/meeting.html
Ube Industries,https://ube-ind.co.jp/ube/en/corporate/management/vision.html
Ube Industries,https://ube-ind.co.jp/ube/en/corporate/shareinfo/coverage.html
Ube Industries,https://ube-ind.co.jp/ube/en/corporate/shareinfo/dividend.html
Ube Industries,https://ube-ind.co.jp/ube/en/corporate/about/organization.html
Ube Industries,https://ube-ind.co.jp/ube/en/corporate/management/strategy.html
Ube Industries,https://ube-ind.co.jp/ube/en/corporate/shareinfo/shareinfo.html
Ube Industries,https://ube-ind.co.jp/ube/en/corporate/financial_data/index.html
Ube Industries,https://ube-ind.co.jp/ube/en/corporate/management/president.html
Ube Industries,https://ube-ind.co.jp/ube/en/corporate/shareinfo/information.html
Ube Industries,https://ube-ind.co.jp/ube/en/corporate/management/governance.html
Ube Industries,https://ube-ind.co.jp/ube/en/corporate/management/disclosure.html
Ube Industries,https://ube-ind.co.jp/ube/en/corporate/shareinfo/bonds_ratings.html
Ube Industries,https://ube-ind.co.jp/ube/en/corporate/ir_library/annual/index.html
Ube Industries,https://ube-ind.co.jp/ube/en/corporate/management/internalcontrol.html
Ube Industries,https://ube-ind.co.jp/ube/en/corporate/management/governance_report.html
Ube Industries,https://ube-ind.co.jp/ube/en/corporate/ir_library/presentation/index.html
Ube Industries,https://ube-ind.co.jp/ube/en/corporate/financial_data/chart_generator.html
Ube Industries,https://ube-ind.co.jp/ube/en/corporate/ir_library/integrated_report/index.html
Ube Industries,https://ube-ind.co.jp/ube/en/corporate/ir_library/financial_results/index.html
Ube Industries,https://ube-ind.co.jp/ube/en/corporate/personal/three_minutes/three_minutes.html
Weatherford Canada Partnership,https://www.weatherford.com/About-Us/Patents
Weatherford Canada Partnership,https://www.weatherford.com/About-Us/Newsroom
Weatherford Canada Partnership,https://www.weatherford.com/about-us/contact/
Weatherford Canada Partnership,https://www.weatherford.com/About-Us/Policies
Weatherford Canada Partnership,https://www.weatherford.com/About-Us/Contact-Us
Weatherford Canada Partnership,https://www.weatherford.com/en/About-Us/Locations
Weatherford Canada Partnership,https://www.weatherford.com/About-Us/Resource-Hub
Weatherford Canada Partnership,https://www.weatherford.com/en/About-Us/Contact-Us
Weatherford Canada Partnership,https://www.weatherford.com/en/about-us/who-we-are/
Weatherford Canada Partnership,https://www.weatherford.com/en/about-us/our-leadership/
Weatherford Canada Partnership,https://www.weatherford.com/About-Us/Policies/Cookie-Policy
Weatherford Canada Partnership,https://www.weatherford.com/About-Us/Policies/Privacy-Policy
Weatherford Canada Partnership,https://www.weatherford.com/About-Us/Policies/Privacy-Poilcy
Weatherford Canada Partnership,https://www.weatherford.com/en/about-us/policies/cookie-policy/
Weatherford Canada Partnership,https://www.weatherford.com/en/about-us/awards-and-recognition/
Weatherford Canada Partnership,https://www.weatherford.com/en/about-us/trade-shows-and-events/
Weatherford Canada Partnership,https://www.weatherford.com/en/about-us/collaboration-and-partnership/
Weatherford Canada Partnership,https://www.weatherford.com/en/investor-relations/corporate-governance/
Weatherford Canada Partnership,https://www.weatherford.com/en/investor-relations/corporate-governance/board-of-directors/
Weatherford Canada Partnership,https://www.weatherford.com/en/investor-relations/corporate-governance/auditor-information/
Weatherford Canada Partnership,https://www.weatherford.com/en/investor-relations/corporate-governance/corporate-documents/
Weatherford Canada Partnership,https://www.weatherford.com/en/investor-relations/corporate-governance/committee-compositions/
Veracode,https://www.veracode.com/about-us
Veracode,https://www.veracode.com/about/partners
Veracode,https://www.veracode.com/about/leadership
Veracode,https://www.veracode.com/partners/find-a-partner
Veracode,https://www.veracode.com/solutions/by-company/independent-software-vendor
Veracode,https://www.veracode.com/sites/default/files/pdf/resources/ipapers/everything-you-need-to-know-guide-maturing-an-application-security-program/index.html
Tata Consultancy Services Limited,https://www.tcs.com/alliances-partnerships
Tufts Medical Center,https://www.tuftsmedicalcenter.org/About-Tufts-Medical-Center
Tufts Medical Center,https://www.tuftsmedicalcenter.org/Research-Clinical-Trials/About-Research
Tufts Medical Center,https://www.tuftsmedicalcenter.org/About-Us/Recent-Awards-and-Recognitions
Tufts Medical Center,https://www.tuftsmedicalcenter.org/News-Events-Media/News/Web/Awake-craniotomy
Tufts Medical Center,https://www.tuftsmedicalcenter.org/News-Events-Media/Press-Releases/2018/Vizient
Tufts Medical Center,https://www.tuftsmedicalcenter.org/News-Events-Media/Press-Releases/2018/New-CEO
Tufts Medical Center,https://www.tuftsmedicalcenter.org/News-Events-Media/Press-Releases/2018/Leapfrog
Tufts Medical Center,https://www.tuftsmedicalcenter.org/About-Us/Recent-Awards-and-Recognitions/Vizient
Tufts Medical Center,https://www.tuftsmedicalcenter.org/patient-care-services/Meet-Your-Care-Team/Nursing
Tufts Medical Center,https://www.tuftsmedicalcenter.org/News-Events-Media/Press-Releases/2018/Cybersecurity
Tufts Medical Center,https://www.tuftsmedicalcenter.org/News-Events-Media/Press-Releases/2018/Neonatal-care
Tufts Medical Center,https://www.tuftsmedicalcenter.org/About-Us/Community-Partners-Programs/Asian-Community
Tufts Medical Center,https://www.tuftsmedicalcenter.org/News-Events-Media/News/Web/Comprehensive-Stroke-Center
Tufts Medical Center,https://www.tuftsmedicalcenter.org/News-Events-Media/Press-Releases/2018/Opioid-Guidelines
Tufts Medical Center,https://www.tuftsmedicalcenter.org/Research-Clinical-Trials/Partnerships-and-Collaborations
Tufts Medical Center,https://www.tuftsmedicalcenter.org/News-Events-Media/News/Web/Brain/Lasers-Used-For-Seizures
Tufts Medical Center,https://www.tuftsmedicalcenter.org/News-Events-Media/Press-Releases/2018/Tufts-CTSI-NIH-Award
Tufts Medical Center,https://www.tuftsmedicalcenter.org/patient-care-services/Billing-and-Insurance/Cashless-copay
Tufts Medical Center,https://www.tuftsmedicalcenter.org/News-Events-Media/Press-Releases/2018/500-Heart-Transplant
Tufts Medical Center,https://www.tuftsmedicalcenter.org/News-Events-Media/In-the-News/Nephrology/Claudias-Story-PKD
Tufts Medical Center,https://www.tuftsmedicalcenter.org/About-Us/Policies-and-Public-Documents/Terms-and-Conditions
Tufts Medical Center,https://www.tuftsmedicalcenter.org/About-Us/Community-Partners-Programs/Asian-Health-Initiative
Tufts Medical Center,https://www.tuftsmedicalcenter.org/News-Events-Media/Press-Releases/2018/Clinical-Research-Forum
Tufts Medical Center,https://www.tuftsmedicalcenter.org/handlers/GetMenuItems.aspx?id=db4fe0a1-e84f-4f57-8472-f207e1461ac6
Tufts Medical Center,https://www.tuftsmedicalcenter.org/News-Events-Media/Press-Releases/2018/HHMA-renamed-Tufts-MC-Community-Care
Tufts Medical Center,https://www.tuftsmedicalcenter.org/patient-care-services/Departments%20and%20Services/Thoracic%20Surgery/Clinical%20Care%20Services/Comprehensive%20Thoracic%20Program
TRANE INTERNATIONAL INC.,https://www.trane.com/business_partners.aspx
United Technologies Corporation,http://www.utc.com/Pages/
United Technologies Corporation,http://www.utc.com/Careers/Our-Partners/Pages/default.aspx
United Technologies Corporation,http://www.utc.com/Who-We-Are/Leadership-Team/Pages/default.aspx
United Technologies Corporation,http://www.utc.com/Who-We-Are/Corporate-Governance/Pages/default.aspx
United Technologies Corporation,http://www.utc.com/Who-We-Are/Pages/Global-Diversity-and-Inclusion.aspx
United Technologies Corporation,http://www.utc.com/Who-We-Are/Corporate-Governance/Pages/Public-Activities.aspx
United Technologies Corporation,http://www.utc.com/Who-We-Are/Corporate-Governance/Board-of-Directors/Pages/default.aspx
United Technologies Corporation,http://www.utc.com/How-We-Work/Ethics-And-Compliance/Pages/Enterprise-Risk-Management.aspx
Unistrut International Corp.,http://unistrut.us/index.php?WP=about_overview
Watlow Electric Manufacturing Company,https://www.watlow.com/en/about-watlow/news/website-press-release
Watlow Electric Manufacturing Company,https://www.watlow.com/en/about-watlow/news/optimax-press-release
Watlow Electric Manufacturing Company,https://www.watlow.com/en/about-watlow/news/visual-designer-launch
Watlow Electric Manufacturing Company,https://www.watlow.com/en/about-watlow/news/composer-press-release
Watlow Electric Manufacturing Company,https://www.watlow.com/en/about-watlow/news/eco-heat-press-release
Watlow Electric Manufacturing Company,https://www.watlow.com/en/about-watlow/news/fluent-ul-certification
Watlow Electric Manufacturing Company,https://www.watlow.com/en/about-watlow/news/watconnect-ul-certification
Watlow Electric Manufacturing Company,https://www.watlow.com/en/about-watlow/news/watlow-recognized-by-cummins
Watlow Electric Manufacturing Company,https://www.watlow.com/en/about-watlow/news/medical-clinic-press-release
Watlow Electric Manufacturing Company,https://www.watlow.com/en/about-watlow/news/new-sensor-controller-catalog
Watlow Electric Manufacturing Company,https://www.watlow.com/en/about-watlow/news/watlow-wins-employer-of-the-year
Watlow Electric Manufacturing Company,https://www.watlow.com/en/about-watlow/news/henny-penny-supplier-of-the-year
Watlow Electric Manufacturing Company,https://www.watlow.com/en/about-watlow/news/atc-groundbreaking-press-release
Watlow Electric Manufacturing Company,https://www.watlow.com/en/about-watlow/news/watlow-wins-family-business-award
Watlow Electric Manufacturing Company,https://www.watlow.com/en/about-watlow/news/watlow-launches-new-d4t-data-logger
Watlow Electric Manufacturing Company,https://www.watlow.com/en/about-watlow/news/watlow-achieves-tr-cu-certification
Watlow Electric Manufacturing Company,https://www.watlow.com/en/about-watlow/news/watlow-brand-strategy-press-release
Watlow Electric Manufacturing Company,https://www.watlow.com/en/about-watlow/news/remote-user-interface-press-release
Watlow Electric Manufacturing Company,https://www.watlow.com/en/about-watlow/news/iecex-rating-shanghai-press-release
Watlow Electric Manufacturing Company,https://www.watlow.com/en/about-watlow/news/watlow-releases-ezlink-bluetooth-app
Watlow Electric Manufacturing Company,https://www.watlow.com/en/about-watlow/news/series-ls-safety-limit-press-release
Watlow Electric Manufacturing Company,https://www.watlow.com/en/about-watlow/news/asme-npt-certification-press-release
Watlow Electric Manufacturing Company,https://www.watlow.com/en/about-watlow/news/industryweek-lessons-in-lean-training
Watlow Electric Manufacturing Company,https://www.watlow.com/en/about-watlow/news/hannibal-medical-clinic-press-release
Watlow Electric Manufacturing Company,https://www.watlow.com/en/about-watlow/news/serv-rite-sensor-wire-stocking-increase
Watlow Electric Manufacturing Company,https://www.watlow.com/en/about-watlow/news/series-f-flange-immersion-press-release
Watlow Electric Manufacturing Company,https://www.watlow.com/en/about-watlow/news/watlow-launches-aspyre-power-controllers
Watlow Electric Manufacturing Company,https://www.watlow.com/en/about-watlow/news/business-development-aware-press-release
Watlow Electric Manufacturing Company,https://www.watlow.com/en/about-watlow/news/tubular-range-flange-rating-press-release
Watlow Electric Manufacturing Company,https://www.watlow.com/en/about-watlow/news/lam-research-2018-supplier-excellence-award
Watlow Electric Manufacturing Company,https://www.watlow.com/en/about-watlow/news/proheat-watlow-from-saint-louis-to-shanghai
Watlow Electric Manufacturing Company,https://www.watlow.com/en/about-watlow/news/fiber-optic-temperature-sensing-and-control-system
Watlow Electric Manufacturing Company,https://www.watlow.com/en/about-watlow/news/watlow-houston-manufacturing-facility-grand-opening
Watlow Electric Manufacturing Company,https://www.watlow.com/en/about-watlow/news/manufacturer-recognized-for-skills-training-and-stem-initiatives
Watlow Electric Manufacturing Company,https://www.watlow.com/en/about-watlow/news/employees-give-back-to-help-three-coworkers-facing-cancer-battles
Total Marketing Services,https://www.total.com/en/energy-expertise/transformation-development/refining-petrochemical/long-term-partnerships
Transposagen Biopharmaceuticals,http://www.transposagenbio.com/about-us/careers
Tosoh Corporation,https://www.tosoh.com/about/who-is-tosoh/who-is-tosoh
Theraclone Sciences,http://theraclone-sciences.com/partnering.php
Tokyo Electron Limited,https://www.tel.com/about/release/
Tokyo Electron Limited,https://www.tel.com/about/sponsor/
Tokyo Electron Limited,https://www.tel.com/about/milestones/
Tokyo Electron Limited,https://www.tel.com/about/riskmanagement/
Tokyo Electron Limited,https://www.tel.com/museum/exhibition/history/
Tokyo Electron Limited,https://www.tel.com/about/release/2018/20180619_002.html
Tokyo Electron Limited,https://www.tel.com/about/release/2018/20181031_003.html
Tokyo Electron Limited,https://www.tel.com/about/release/2018/20181031_002.html
Tokyo Electron Limited,https://www.tel.com/about/release/2018/20181031_001.html
Tokyo Electron Limited,https://www.tel.com/about/release/2018/20181002_001.html
Tokyo Electron Limited,https://www.tel.com/about/release/2018/20180726_001.html
Yeda Research and Development Co.,http://yedarnd.com/overview
Tela Innovations,http://www.tela-inc.com/company-overview/investors/
Tela Innovations,http://www.tela-inc.com/company-overview/business-model/
E. Tech Incorporation,https://www.terratechcorp.com/investors/company-info
E. Tech Incorporation,https://www.terratechcorp.com/investors/company-info/faq
E. Tech Incorporation,https://www.terratechcorp.com/investors/company-info/profile
E. Tech Incorporation,https://www.terratechcorp.com/investors/company-info/contacts
E. Tech Incorporation,https://www.terratechcorp.com/investors/company-info/company-info
E. Tech Incorporation,https://www.terratechcorp.com/investors/company-info/presentations
E. Tech Incorporation,https://www.terratechcorp.com/investors/company-info/management-team
Takeda Pharmaceutical Company Limited,https://www.takeda.com/what-we-do/alliances---partnerships/
Takeda Pharmaceutical Company Limited,https://www.takeda.com/corporate-responsibility/activities/
Takeda Pharmaceutical Company Limited,https://www.takeda.com/who-we-are/how-we-work/Where-we-work/
Takeda Pharmaceutical Company Limited,https://www.takeda.com/corporate-responsibility/environment/
Takeda Pharmaceutical Company Limited,https://www.takeda.com/who-we-are/how-we-work/life-at-takeda/
Takeda Pharmaceutical Company Limited,https://www.takeda.com/who-we-are/how-we-work/design-concept/
Takeda Pharmaceutical Company Limited,https://www.takeda.com/corporate-responsibility/human-rights/
Takeda Pharmaceutical Company Limited,https://www.takeda.com/who-we-are/company-information/history/
Takeda Pharmaceutical Company Limited,https://www.takeda.com/who-we-are/company-information/Positions/
Takeda Pharmaceutical Company Limited,https://www.takeda.com/corporate-responsibility/anti-corruption/
Takeda Pharmaceutical Company Limited,https://www.takeda.com/corporate-responsibility/activities/sdgs/
Takeda Pharmaceutical Company Limited,https://www.takeda.com/who-we-are/corporate-governance/compliance/
Takeda Pharmaceutical Company Limited,https://www.takeda.com/who-we-are/company-information/company-facts/
Takeda Pharmaceutical Company Limited,https://www.takeda.com/corporate-responsibility/activities/herhealth/
Takeda Pharmaceutical Company Limited,https://www.takeda.com/who-we-are/company-information/worldwide-offices/
Takeda Pharmaceutical Company Limited,https://www.takeda.com/corporate-responsibility/activities/ideel-program/
Takeda Pharmaceutical Company Limited,https://www.takeda.com/corporate-responsibility/Sustainable-Value-Report/
Takeda Pharmaceutical Company Limited,https://www.takeda.com/who-we-are/company-information/executive-leadership/
Takeda Pharmaceutical Company Limited,https://www.takeda.com/corporate-responsibility/activities/takeda-initiative/
Takeda Pharmaceutical Company Limited,https://www.takeda.com/corporate-responsibility/activities/global-csr-program/
Takeda Pharmaceutical Company Limited,https://www.takeda.com/who-we-are/corporate-governance/risk--crisis-management/
Takeda Pharmaceutical Company Limited,https://www.takeda.com/corporate-responsibility/activities/global-relay-for-life/
Takeda Pharmaceutical Company Limited,https://www.takeda.com/corporate-responsibility/activities/digital-birth-program/
Takeda Pharmaceutical Company Limited,https://www.takeda.com/corporate-responsibility/activities/corporate-citizenship-videos/
Tamura Corporation,http://tamuracorp.com/partner-login/
Synopsys,https://www.synopsys.com/Company
Synopsys,https://www.synopsys.com/community/partners.html
Synopsys,https://www.synopsys.com/community/partners/arm.html
Synopsys,https://www.synopsys.com/community/partners/tsmc.html
Synopsys,https://www.synopsys.com/company/legal/logos-usage.html
Synopsys,https://www.synopsys.com/community/partners/samsung.html
Synopsys,https://www.synopsys.com/company/global-citizenship.html
Synopsys,https://www.synopsys.com/company/investor-relations.html
Synopsys,https://www.synopsys.com/company/resources/webinars.html
Synopsys,https://www.synopsys.com/software-integrity/partners.html
Synopsys,https://www.synopsys.com/company/legal/privacy-policy.html
Synopsys,https://www.synopsys.com/community/partners/all-partners.html
Synopsys,https://www.synopsys.com/company/newsroom/press-contacts.html
Synopsys,https://www.synopsys.com/company/legal/trademarks-brands.html
Synopsys,https://www.synopsys.com/company/legal/software-integrity.html
Synopsys,https://www.synopsys.com/software-integrity/partners/cloud.html
Synopsys,https://www.synopsys.com/community/partners/globalfoundries.html
Synopsys,https://www.synopsys.com/company/corporate-governance-values.html
Synopsys,https://www.synopsys.com/software-integrity/partners/alliance.html
Synopsys,https://www.synopsys.com/software-integrity/partners/ecosystem.html
Synopsys,https://www.synopsys.com/company/investor-relations/financials.html
Synopsys,https://www.synopsys.com/community/partners/intel-custom-foundry.html
Synopsys,https://www.synopsys.com/company/investor-relations/financial-news.html
Synopsys,https://www.synopsys.com/company/contact-synopsys/office-locations.html
Synopsys,https://www.synopsys.com/company/management-team/leadersandspokepersons.html
Synopsys,https://www.synopsys.com/company/synopsys-careers/verify-your-recruitment.html
Synopsys,https://www.synopsys.com/company/investor-relations/investor-presentations.html
Synopsys,https://www.synopsys.com/company/corporate-governance-values/code-of-ethics.html
Synopsys,https://www.synopsys.com/software-integrity/partners/global-system-integrators.html
Synopsys,https://www.synopsys.com/company/corporate-governance-values/board-of-directors.html
Transilwrap Company,https://www.transcendia.com/partner-brands
THYSSENKRUPP INDUSTRIAL SOLUTIONS GMBH,https://www.thyssenkrupp.com/en/company/corporate-structure/
THYSSENKRUPP INDUSTRIAL SOLUTIONS GMBH,https://www.thyssenkrupp.com/en/company/procurement/contact/
THYSSENKRUPP INDUSTRIAL SOLUTIONS GMBH,https://www.thyssenkrupp.com/en/company/innovation/industry-4-0/
THYSSENKRUPP INDUSTRIAL SOLUTIONS GMBH,https://www.thyssenkrupp.com/en/company/corporate-structure/steel/
THYSSENKRUPP INDUSTRIAL SOLUTIONS GMBH,https://www.thyssenkrupp.com/en/company/management/business-areas/
THYSSENKRUPP INDUSTRIAL SOLUTIONS GMBH,https://www.thyssenkrupp.com/en/company/procurement/for-suppliers/
THYSSENKRUPP INDUSTRIAL SOLUTIONS GMBH,https://www.thyssenkrupp.com/en/company/management/executive-board/
THYSSENKRUPP INDUSTRIAL SOLUTIONS GMBH,https://www.thyssenkrupp.com/en/company/compliance/code-of-conduct/
THYSSENKRUPP INDUSTRIAL SOLUTIONS GMBH,https://www.thyssenkrupp.com/en/company/sustainability/human-rights/
THYSSENKRUPP INDUSTRIAL SOLUTIONS GMBH,https://www.thyssenkrupp.com/en/company/management/supervisory-board/
THYSSENKRUPP INDUSTRIAL SOLUTIONS GMBH,https://www.thyssenkrupp.com/en/company/compliance/what-we-stand-for/
THYSSENKRUPP INDUSTRIAL SOLUTIONS GMBH,https://www.thyssenkrupp.com/en/company/history/the-founding-families/
THYSSENKRUPP INDUSTRIAL SOLUTIONS GMBH,https://www.thyssenkrupp.com/en/company/compliance/compliance-strategy/
THYSSENKRUPP INDUSTRIAL SOLUTIONS GMBH,https://www.thyssenkrupp.com/en/company/compliance/submitting-a-report/
THYSSENKRUPP INDUSTRIAL SOLUTIONS GMBH,https://www.thyssenkrupp.com/en/company/management/corporate-governance/
THYSSENKRUPP INDUSTRIAL SOLUTIONS GMBH,https://www.thyssenkrupp.com/en/company/innovation/sustainable-mobility/
THYSSENKRUPP INDUSTRIAL SOLUTIONS GMBH,https://www.thyssenkrupp.com/en/company/corporate-structure/organization/
THYSSENKRUPP INDUSTRIAL SOLUTIONS GMBH,https://www.thyssenkrupp.com/en/company/compliance/compliance-commitment/
THYSSENKRUPP INDUSTRIAL SOLUTIONS GMBH,https://www.thyssenkrupp.com/en/company/sustainability/society/we4europe/
THYSSENKRUPP INDUSTRIAL SOLUTIONS GMBH,https://www.thyssenkrupp.com/en/company/innovation/innovation-management/
THYSSENKRUPP INDUSTRIAL SOLUTIONS GMBH,https://www.thyssenkrupp.com/en/company/compliance/compliance-organization/
THYSSENKRUPP INDUSTRIAL SOLUTIONS GMBH,https://www.thyssenkrupp.com/en/investors/strategy/management-of-the-group/
THYSSENKRUPP INDUSTRIAL SOLUTIONS GMBH,https://www.thyssenkrupp.com/en/company/sustainability/strategy-and-targets/
THYSSENKRUPP INDUSTRIAL SOLUTIONS GMBH,https://www.thyssenkrupp.com/en/company/sustainability/stakeholder-dialogue/
THYSSENKRUPP INDUSTRIAL SOLUTIONS GMBH,https://www.thyssenkrupp.com/en/company/procurement/responsible-procurement/
THYSSENKRUPP INDUSTRIAL SOLUTIONS GMBH,https://www.thyssenkrupp.com/en/company/innovation/cross-industry-innovation/
THYSSENKRUPP INDUSTRIAL SOLUTIONS GMBH,https://www.thyssenkrupp.com/en/company/corporate-structure/materials-services/
THYSSENKRUPP INDUSTRIAL SOLUTIONS GMBH,https://www.thyssenkrupp.com/en/company/history/companies-going-through-change/
THYSSENKRUPP INDUSTRIAL SOLUTIONS GMBH,https://www.thyssenkrupp.com/en/company/corporate-structure/elevator-technology/
THYSSENKRUPP INDUSTRIAL SOLUTIONS GMBH,https://www.thyssenkrupp.com/en/company/sustainability/society/local-engagement/
THYSSENKRUPP INDUSTRIAL SOLUTIONS GMBH,https://www.thyssenkrupp.com/en/company/corporate-structure/industrial-solutions/
THYSSENKRUPP INDUSTRIAL SOLUTIONS GMBH,https://www.thyssenkrupp.com/en/company/corporate-structure/components-technology/
THYSSENKRUPP INDUSTRIAL SOLUTIONS GMBH,https://www.thyssenkrupp.com/en/company/sustainability/employees/employee-figures/
THYSSENKRUPP INDUSTRIAL SOLUTIONS GMBH,https://www.thyssenkrupp.com/en/company/innovation/processes-that-conserve-resources/
THYSSENKRUPP INDUSTRIAL SOLUTIONS GMBH,https://www.thyssenkrupp.com/en/company/sustainability/employees/responsible-employer/
THYSSENKRUPP INDUSTRIAL SOLUTIONS GMBH,https://www.thyssenkrupp.com/en/company/sustainability/society/promotion-of-education/
THYSSENKRUPP INDUSTRIAL SOLUTIONS GMBH,https://www.thyssenkrupp.com/en/company/sustainability/employees/diversity-and-inclusion/
THYSSENKRUPP INDUSTRIAL SOLUTIONS GMBH,https://www.thyssenkrupp.com/en/company/innovation/technologies-for-the-energy-transition/
THYSSENKRUPP INDUSTRIAL SOLUTIONS GMBH,https://www.thyssenkrupp.com/en/company/sustainability/environment/environmental-protection/
THYSSENKRUPP INDUSTRIAL SOLUTIONS GMBH,https://www.thyssenkrupp.com/en/company/sustainability/society/we-together-help-for-refugees/
THYSSENKRUPP INDUSTRIAL SOLUTIONS GMBH,https://www.thyssenkrupp.com/en/company/sustainability/employees/occupational-safety-and-health/
THYSSENKRUPP INDUSTRIAL SOLUTIONS GMBH,https://www.thyssenkrupp.com/en/company/sustainability/employees/qualifications-training-and-development-of-talent/
THYSSENKRUPP INDUSTRIAL SOLUTIONS GMBH,https://www.thyssenkrupp.com/en/company/sustainability/society/promotion-of-enthusiasm-for-technology-and-innovation/
Toshiba America Electronic Components,https://toshiba.semicon-storage.com/us/corporate/about/procure.html
Toshiba America Electronic Components,https://toshiba.semicon-storage.com/us/company/taec/news-center.html
Toshiba America Electronic Components,https://toshiba.semicon-storage.com/us/corporate/about/division.html
Toshiba America Electronic Components,https://toshiba.semicon-storage.com/us/corporate/about/subsidiary.html
Toshiba America Electronic Components,https://toshiba.semicon-storage.com/us/corporate/technical-review.html
Toshiba America Electronic Components,https://toshiba.semicon-storage.com/us/corporate/taec/social-media.html
Toshiba America Electronic Components,https://toshiba.semicon-storage.com/us/corporate/about/organization.html
Toshiba America Electronic Components,https://toshiba.semicon-storage.com/us/company-index/tma/news-center.html
Toshiba America Electronic Components,https://toshiba.semicon-storage.com/us/corporate/taec/toshiba-management.html
Toshiba America Electronic Components,https://toshiba.semicon-storage.com/us/corporate/environmental-activities.html
Toshiba America Electronic Components,https://toshiba.semicon-storage.com/us/application/power/batterymanagement.html
Toshiba America Electronic Components,https://toshiba.semicon-storage.com/us/application/power/otherpowermanagement.html
Toshiba America Electronic Components,https://toshiba.semicon-storage.com/us/design-support/videoclip/power-management.html
Toshiba America Electronic Components,https://toshiba.semicon-storage.com/us/company/taec/news/2018/08/opto-20180807-1.html
Toshiba America Electronic Components,https://toshiba.semicon-storage.com/us/company/taec/news/2018/08/mosfet-20180828-1.html
Toshiba America Electronic Components,https://toshiba.semicon-storage.com/us/company/taec/news/2018/08/storage-20180827-1.html
Toshiba America Electronic Components,https://toshiba.semicon-storage.com/us/company/taec/news/2018/07/storage-20180730-1.html
Toshiba America Electronic Components,https://toshiba.semicon-storage.com/us/company/taec/news/2018/10/wireless-20181030-1.html
Toshiba America Electronic Components,https://toshiba.semicon-storage.com/us/corporate/environmental-activities/commendation.html
Toshiba America Electronic Components,https://toshiba.semicon-storage.com/us/company/taec/news/2018/11/custom-soc-20181113-1.html
Toshiba America Electronic Components,https://toshiba.semicon-storage.com/us/corporate/environmental-activities/certification.html
Toshiba America Electronic Components,https://toshiba.semicon-storage.com/us/application/automotive/ecology/hev-battery-manage.html
Toshiba America Electronic Components,https://toshiba.semicon-storage.com/us/corporate/environmental-activities/current-status.html
Toshiba America Electronic Components,https://toshiba.semicon-storage.com/ap-en/company/news/news-topics/2018/09/linear-20180926-1.html
Toshiba America Electronic Components,https://toshiba.semicon-storage.com/ap-en/company/news/news-topics/2018/09/automotive-20180925-1.html
Toshiba America Electronic Components,http://toshiba.semicon-storage.com/list/index.php?f%5B%5D=4%7CMulti+channel+power+management+IC&p=&h=&sort=0%2Casc&code=param_613&lang=en
T.H.E.M.,http://www.them.net/about-us
SYNTHOMER USA LLC,https://synthomer.com/company/company/our-business/?region=AMER
SYNTHOMER USA LLC,https://synthomer.com/careers/mycareer/about-synthomer/?region=AMER
SYNTHOMER USA LLC,https://synthomer.com/company/company/corporate-history/?region=AMER
SYNTHOMER USA LLC,https://synthomer.com/company/corporate-responsibility/group-policies/?region=AMER
SYNTHOMER USA LLC,https://synthomer.com/company/corporate-responsibility/certifications/?region=AMER
SYNTHOMER USA LLC,https://synthomer.com/company/corporate-responsibility/regulatory-affairs/?region=AMER
SYNTHOMER USA LLC,https://synthomer.com/company/corporate-responsibility/our-approach-targets/?region=AMER
SYNTHOMER USA LLC,https://synthomer.com/investor-relations/shareholder-documents/corporate-governance/?region=AMER
Tyco Electronics Corporation,https://www.te.com/usa-en/
Tyco Electronics Corporation,https://www.te.com/usa-en/about-te/careers.html
Tyco Electronics Corporation,https://www.te.com/usa-en/partners/distributors.html
Tyco Electronics Corporation,https://www.te.com/commerce/esr/int/update_profile.do
Tyco Electronics Corporation,https://www.te.com/usa-en/trends/iot/engineering-partnerships.html
Tyco Electronics Corporation,https://www.te.com/usa-en/about-te/news-center/adm-parabyte-transceivers.html
Tyco Electronics Corporation,https://www.te.com/usa-en/about-te/news-center/nanorf-module-and-contacts.html
Tyco Electronics Corporation,https://www.te.com/usa-en/campaigns/corporate/next-generation-infotainment.html
Tyco Electronics Corporation,https://www.te.com/usa-en/about-te/news-center/new-osfp-connectors-and-cable-assemblies.html
Tyco Electronics Corporation,https://www.te.com/usa-en/about-te/news-center/buchanan-wiremate-two-piece-poke-in-series.html
Tyco Electronics Corporation,https://www.te.com/usa-en/about-te/news-center/new-124-pos-sliver-connector-and-cable-assemblies.html
EXOS LLC,https://www.teamexos.com/about/
Syngenta Participations AG,https://www.syngenta.com/who-we-are/our-stories/smartbreeding
Syngenta Participations AG,https://www.syngenta.com/who-we-are/our-stories/safety-mexico
Syngenta Participations AG,https://www.syngenta.com/who-we-are/our-stories/hyvido-biogas
Syngenta Participations AG,https://www.syngenta.com/site-services/corporate-publications
Syngenta Participations AG,https://www.syngenta.com/how-we-do-it/corporate-responsibility
Syngenta Participations AG,https://www.syngenta.com/who-we-are/our-stories/working-together
Syngenta Participations AG,https://www.syngenta.com/who-we-are/our-stories/world-malaria-day
Syngenta Participations AG,https://www.syngenta.com/who-we-are/our-stories/safe-use-in-china
Syngenta Participations AG,https://www.syngenta.com/who-we-are/our-stories/rice-smallholders
Syngenta Participations AG,https://www.syngenta.com/who-we-are/our-stories/case-study-hyvido
Syngenta Participations AG,https://www.syngenta.com/how-we-do-it/corporate-responsibility/sdg
Syngenta Participations AG,https://www.syngenta.com/who-we-are/our-stories/climate-smart-soils
Syngenta Participations AG,https://www.syngenta.com/who-we-are/our-stories/iucn-world-congress
Syngenta Participations AG,https://www.syngenta.com/who-we-are/our-stories/case-study-meandmine
Syngenta Participations AG,https://www.syngenta.com/how-we-do-it/corporate-responsibility/water
Syngenta Participations AG,https://www.syngenta.com/site-services/media-library/images/corporate
Syngenta Participations AG,https://www.syngenta.com/site-services/media-library/images/management
Syngenta Participations AG,https://www.syngenta.com/who-we-are/our-stories/case-study-syn-training
Syngenta Participations AG,https://www.syngenta.com/who-we-are/corporate-governance/executive-team
Syngenta Participations AG,https://www.syngenta.com/who-we-are/our-stories/investing-in-soil-health
Syngenta Participations AG,https://www.syngenta.com/who-we-are/our-stories/building-a-shared-vision
Syngenta Participations AG,https://www.syngenta.com/who-we-are/our-stories/fair-labour-in-argentina
Syngenta Participations AG,https://www.syngenta.com/who-we-are/our-stories/potato-farm-biodiversity
Syngenta Participations AG,https://www.syngenta.com/who-we-are/our-stories/better-soil-better-crops
Syngenta Participations AG,https://www.syngenta.com/who-we-are/corporate-governance/code-of-conduct
Syngenta Participations AG,https://www.syngenta.com/who-we-are/our-stories/empowering-family-farmers
Syngenta Participations AG,https://www.syngenta.com/who-we-are/about-our-business/how-we-create-value
Syngenta Participations AG,https://www.syngenta.com/who-we-are/our-stories/an-advocate-for-fair-labor
Syngenta Participations AG,https://www.syngenta.com/who-we-are/our-stories/operation-pollinator-china
Syngenta Participations AG,https://www.syngenta.com/who-we-are/corporate-governance-de/verwaltungsrat
Syngenta Participations AG,https://www.syngenta.com/who-we-are/about-our-business/syngenta-at-a-glance
Syngenta Participations AG,https://www.syngenta.com/who-we-are/corporate-governance/board-of-directors
Syngenta Participations AG,https://www.syngenta.com/who-we-are/corporate-governance-de/verhaltenskodex
Syngenta Participations AG,https://www.syngenta.com/how-we-do-it/corporate-responsibility/human-rights
Syngenta Participations AG,https://www.syngenta.com/who-we-are/our-stories/syngenta-and-climate-change
Syngenta Participations AG,https://www.syngenta.com/who-we-are/our-stories/office-perks-for-pollinators
Syngenta Participations AG,https://www.syngenta.com/who-we-are/corporate-governance-de/geschaftsleitung
Syngenta Participations AG,https://www.syngenta.com/site-services/corporate-publications/annual-reports
Syngenta Participations AG,https://www.syngenta.com/how-we-do-it/corporate-responsibility/climate-change
Syngenta Participations AG,https://www.syngenta.com/who-we-are/our-stories/spreading-the-word-on-safe-use
Syngenta Participations AG,https://www.syngenta.com/who-we-are/our-stories/case-study-stream-environments
Syngenta Participations AG,https://www.syngenta.com/who-we-are/our-stories/preserving-the-land-generations
Syngenta Participations AG,https://www.syngenta.com/who-we-are/our-stories/seeing-is-believing-on-the-farm
Syngenta Participations AG,https://www.syngenta.com/how-we-do-it/corporate-responsibility/gri-index/social
Syngenta Participations AG,https://www.syngenta.com/who-we-are/our-stories/improving-yields-and-livelihoods
Syngenta Participations AG,https://www.syngenta.com/how-we-do-it/corporate-responsibility/gri-index/economic
Syngenta Participations AG,https://www.syngenta.com/who-we-are/about-our-business/our-purpose-and-contribution
Syngenta Participations AG,https://www.syngenta.com/who-we-are/our-stories/getting-the-most-out-of-every-hectare
Syngenta Participations AG,https://www.syngenta.com/how-we-do-it/corporate-responsibility/stakeholder-engagement
Syngenta Participations AG,https://www.syngenta.com/how-we-do-it/corporate-responsibility/sustainable-operations
Syngenta Participations AG,https://www.syngenta.com/how-we-do-it/corporate-responsibility/non-financial-reporting
Syngenta Participations AG,https://www.syngenta.com/how-we-do-it/corporate-responsibility/gri-index/environmental
Syngenta Participations AG,https://www.syngenta.com/how-we-do-it/corporate-responsibility/stakeholder-engagement/tnc
Syngenta Participations AG,https://www.syngenta.com/how-we-do-it/corporate-responsibility/frequently-asked-questions
Syngenta Participations AG,https://www.syngenta.com/how-we-do-it/corporate-responsibility/gri-index/general-disclosures
Syngenta Participations AG,https://www.syngenta.com/how-we-do-it/corporate-responsibility/frequently-asked-questions/people-faq
Syngenta Participations AG,https://www.syngenta.com/how-we-do-it/corporate-responsibility/frequently-asked-questions/solutions-faq
Syngenta Participations AG,https://www.syngenta.com/how-we-do-it/corporate-responsibility/frequently-asked-questions/governance-faq
Syngenta Participations AG,https://www.syngenta.com/how-we-do-it/corporate-responsibility/frequently-asked-questions/technology-faq
Syngenta Participations AG,https://www.syngenta.com/how-we-do-it/corporate-responsibility/frequently-asked-questions/environment-faq
Syngenta Participations AG,https://www.syngenta.com/how-we-do-it/corporate-responsibility/frequently-asked-questions/our-business-faq
Syngenta Participations AG,https://www.syngenta.com/how-we-do-it/corporate-responsibility/frequently-asked-questions/supply-chain-faq
Syngenta Participations AG,https://www.syngenta.com/how-we-do-it/corporate-responsibility/frequently-asked-questions/smallholders-faq
Syngenta Participations AG,https://www.syngenta.com/how-we-do-it/corporate-responsibility/frequently-asked-questions/business-integrity-faq
Syngenta Participations AG,https://www.syngenta.com/how-we-do-it/corporate-responsibility/frequently-asked-questions/intellectual-property-faq
Syngenta Participations AG,https://www.syngenta.com/how-we-do-it/corporate-responsibility/frequently-asked-questions/engagement-activities-faq
Syngenta Participations AG,https://www.syngenta.com/how-we-do-it/corporate-responsibility/frequently-asked-questions/responsible-agriculture-faq
Integrated Solar Technology,http://suntegrasolar.com/suntegra-partner
Integrated Solar Technology,http://suntegrasolar.com/suntegra-partner-form
Sun Chemical Corporation,https://www.sunchemical.com/about/history/
Stratasys,https://www.stratasys.com/partners
Stratasys,https://www.stratasys.com/partners/strategic-alliances
SPC International,https://spc-intl.com/(X(1)S(zopdv2d2knciwj2xbkkpfqfz))/account/profile
Toray Industries Inc. ,https://www.toray.com/aboutus/history/index.html
Toray Industries Inc. ,https://www.toray.com/aboutus/download/index.html
Toray Industries Inc. ,https://www.toray.com/aboutus/ourpeople/index.html
Toray Industries Inc. ,https://www.toray.com/csr/activity/governance/index.html
Toray Industries Inc. ,https://www.toray.com/csr/activity/compliance/index.html
Toray Industries Inc. ,https://www.toray.com/csr/activity/riskmanagement/index.html
SPICE SOLAR,http://www.spicesolar.com/about-spice-solar
Solvay Specialty Polymers USA,https://www.solvay.com/en/investors/corporate-governance%23Board-of-Directors--Management
Sola U.S.A. Inc.,https://www.sola.at/en/about-sola
St. Jude Medical,https://www.sjm.com/en/about
St. Jude Medical,https://www.sjm.com/en/about/company-facts
St. Jude Medical,https://www.sjm.com/en/about/our-commitments
St. Jude Medical,https://www.sjm.com/en/about/video-and-media
St. Jude Medical,https://www.sjm.com/en/about/giving-corporate-citizenship
St. Jude Medical,https://www.sjm.com/en/professionals/disease-state-management
Skidmore,https://www.skidmore.edu/admissions/saratoga/index.php
Skidmore,https://www.skidmore.edu/news/2018/1105-dining-hall-harry-mooney.php
Sanofi,https://www.sanofi.com/en/science-and-innovation/partnering
Sanofi,https://www.sanofi.com/en/about-us/governance/executive-committee
Sanofi,https://www.sanofi.com/en/investors/company-overview/fixed-income
Sanofi,https://www.sanofi.com/en/about-us/healthcare-solutions/immunology
Sanofi,https://www.sanofi.com/en/our-responsibility/corporate-citizenship
Sanofi,https://www.sanofi.com/en/about-us/healthcare-solutions/rare-diseases
Sanofi,https://www.sanofi.com/en/investors/corporate-governance/compensation
Sanofi,https://www.sanofi.com/en/investors/company-overview/key-financial-data
Sanofi,https://www.sanofi.com/en/investors/corporate-governance/internal-control
Sanofi,https://www.sanofi.com/en/about-us/healthcare-solutions/multiple-sclerosis
Sanofi,https://www.sanofi.com/en/about-us/healthcare-solutions/consumer-healthcare
Sanofi,https://www.sanofi.com/en/about-us/our-stories/behind-our-instagram-stories
Sanofi,https://www.sanofi.com/en/investors/corporate-governance/standards-and-rules
Sanofi,https://www.sanofi.com/en/about-us/are-you-joining-the-movember-conversation
Sanofi,https://www.sanofi.com/en/investors/corporate-governance/specialist-committees
Sanofi,https://www.sanofi.com/science-and-innovation/partnering/creating-value-together
Sanofi,https://www.sanofi.com/en/investors/company-overview/socially-responsible-investment
Sanofi,https://www.sanofi.com/en/about-us/smart-machines-driving-the-fourth-industrial-revolution
Sanofi,https://www.sanofi.com/en/about-us/healthcare-solutions/diabetes-and-cardiovascular-diseases
Schlumberger Technology Corporation,https://www.slb.com/about/history/1930s.aspx
Schlumberger Technology Corporation,https://www.slb.com/about/history/1940s.aspx
Schlumberger Technology Corporation,https://www.slb.com/about/history/1950s.aspx
Schlumberger Technology Corporation,https://www.slb.com/about/history/1960s.aspx
Schlumberger Technology Corporation,https://www.slb.com/about/history/1970s.aspx
Schlumberger Technology Corporation,https://www.slb.com/about/history/1980s.aspx
Schlumberger Technology Corporation,https://www.slb.com/about/history/2000s.aspx
Schlumberger Technology Corporation,https://www.slb.com/about/history/2010s.aspx
Schlumberger Technology Corporation,https://www.slb.com/about/execmanagement.aspx
Schlumberger Technology Corporation,https://www.slb.com/about/accountability.aspx
Schlumberger Technology Corporation,https://www.slb.com/about/who/backgrounder.aspx
Schlumberger Technology Corporation,https://www.slb.com/about/foundation/board.aspx
Schlumberger Technology Corporation,https://www.slb.com/about/guiding_principles.aspx
Schlumberger Technology Corporation,https://www.slb.com/about/global_stewardship.aspx
Schlumberger Technology Corporation,https://www.slb.com/services/drilling/solids_control.aspx
Schlumberger Technology Corporation,https://www.slb.com/about/accountability/human-rights.aspx
Schlumberger Technology Corporation,https://www.slb.com/about/foundation/about_foundation.aspx
Schlumberger Technology Corporation,https://www.slb.com/about/guiding_principles/diversity.aspx
Schlumberger Technology Corporation,https://www.slb.com/about/accountability/conflict_minerals.aspx
Schlumberger Technology Corporation,https://www.slb.com/about/guiding_principles/corpgovernance.aspx
Schlumberger Technology Corporation,https://www.slb.com/about/accountability/political_contributions.aspx
Schlumberger Technology Corporation,https://www.slb.com/services/processing-separation/solids-management.aspx
Schlumberger Technology Corporation,https://www.slb.com/services/processing-separation/acid-gas-membrane-performance.aspx
Smith & Nephew,http://www.smith-nephew.com/about-us/where-we-operate/europe/greece/
Smith & Nephew,http://www.smith-nephew.com/about-us/where-we-operate/europe/russia/
Smith & Nephew,http://www.smith-nephew.com/about-us/where-we-operate/europe/turkey/
Smith & Nephew,http://www.smith-nephew.com/about-us/where-we-operate/asia/malaysia/
Smith & Nephew,http://www.smith-nephew.com/about-us/where-we-operate/asia/myanmar-/
Smith & Nephew,http://www.smith-nephew.com/about-us/where-we-operate/asia/pakistan/
Smith & Nephew,http://www.smith-nephew.com/about-us/where-we-operate/asia/thailand/
Smith & Nephew,http://www.smith-nephew.com/about-us/where-we-operate/africa/rwanda/
Smith & Nephew,http://www.smith-nephew.com/about-us/where-we-operate/africa/uganda/
Smith & Nephew,http://www.smith-nephew.com/about-us/where-we-operate/americas/chile/
Smith & Nephew,http://www.smith-nephew.com/about-us/where-we-operate/europe/austria/
Smith & Nephew,http://www.smith-nephew.com/about-us/where-we-operate/europe/belarus/
Smith & Nephew,http://www.smith-nephew.com/about-us/where-we-operate/europe/iceland/
Smith & Nephew,http://www.smith-nephew.com/about-us/where-we-operate/europe/latvia-/
Smith & Nephew,http://www.smith-nephew.com/about-us/where-we-operate/europe/romania/
Smith & Nephew,http://www.smith-nephew.com/about-us/where-we-operate/europe/serbia-/
Smith & Nephew,http://www.smith-nephew.com/about-us/where-we-operate/asia/indonesia/
Smith & Nephew,http://www.smith-nephew.com/about-us/where-we-operate/asia/maldives-/
Smith & Nephew,http://www.smith-nephew.com/about-us/where-we-operate/asia/singapore/
Smith & Nephew,http://www.smith-nephew.com/about-us/where-we-operate/asia/sri-lanka/
Smith & Nephew,http://www.smith-nephew.com/about-us/where-we-operate/africa/algeria/
Smith & Nephew,http://www.smith-nephew.com/about-us/where-we-operate/africa/morocco/
Smith & Nephew,http://www.smith-nephew.com/about-us/where-we-operate/africa/namibia/
Smith & Nephew,http://www.smith-nephew.com/about-us/where-we-operate/africa/zambia-/
Smith & Nephew,http://www.smith-nephew.com/about-us/where-we-operate/americas/belize/
Smith & Nephew,http://www.smith-nephew.com/about-us/where-we-operate/americas/brazil/
Smith & Nephew,http://www.smith-nephew.com/about-us/where-we-operate/americas/mexico/
Smith & Nephew,http://www.smith-nephew.com/about-us/where-we-operate/americas/panama/
Smith & Nephew,http://www.smith-nephew.com/about-us/where-we-operate/europe/bulgaria/
Smith & Nephew,http://www.smith-nephew.com/about-us/where-we-operate/europe/croatia-/
Smith & Nephew,http://www.smith-nephew.com/about-us/where-we-operate/europe/estonia-/
Smith & Nephew,http://www.smith-nephew.com/about-us/where-we-operate/europe/hungary-/
Smith & Nephew,http://www.smith-nephew.com/about-us/where-we-operate/europe/portugal/
Smith & Nephew,http://www.smith-nephew.com/about-us/where-we-operate/africa/botswana/
Smith & Nephew,http://www.smith-nephew.com/about-us/where-we-operate/africa/nigeria-/
Smith & Nephew,http://www.smith-nephew.com/about-us/where-we-operate/africa/tunisia-/
Smith & Nephew,http://www.smith-nephew.com/about-us/where-we-operate/africa/zimbabwe/
Smith & Nephew,http://www.smith-nephew.com/about-us/where-we-operate/americas/ecuador/
Smith & Nephew,http://www.smith-nephew.com/about-us/where-we-operate/americas/uruguay/
Smith & Nephew,http://www.smith-nephew.com/about-us/where-we-operate/europe/slovakia-/
Smith & Nephew,http://www.smith-nephew.com/about-us/where-we-operate/europe/slovenia-/
Smith & Nephew,http://www.smith-nephew.com/about-us/where-we-operate/asia/bangladesh-/
Smith & Nephew,http://www.smith-nephew.com/about-us/where-we-operate/asia/philippines/
Smith & Nephew,http://www.smith-nephew.com/about-us/where-we-operate/asia/south-korea/
Smith & Nephew,http://www.smith-nephew.com/about-us/where-we-operate/africa/mauritius/
Smith & Nephew,http://www.smith-nephew.com/about-us/where-we-operate/africa/swaziland/
Smith & Nephew,http://www.smith-nephew.com/about-us/where-we-operate/africa/tanzania-/
Smith & Nephew,http://www.smith-nephew.com/about-us/where-we-operate/americas/colombia/
Smith & Nephew,http://www.smith-nephew.com/about-us/where-we-operate/americas/paraguay/
Smith & Nephew,http://www.smith-nephew.com/about-us/where-we-operate/europe/lithuania-/
Smith & Nephew,http://www.smith-nephew.com/about-us/where-we-operate/middle-east/egypt/
Smith & Nephew,http://www.smith-nephew.com/about-us/where-we-operate/middle-east/iran-/
Smith & Nephew,http://www.smith-nephew.com/about-us/where-we-operate/middle-east/libya/
Smith & Nephew,http://www.smith-nephew.com/about-us/where-we-operate/middle-east/oman-/
Smith & Nephew,http://www.smith-nephew.com/about-us/where-we-operate/americas/argentina/
Smith & Nephew,http://www.smith-nephew.com/about-us/where-we-operate/americas/guatemala/
Smith & Nephew,http://www.smith-nephew.com/about-us/where-we-operate/americas/venezuela/
Smith & Nephew,http://www.smith-nephew.com/about-us/where-we-operate/europe/luxembourg-/
Smith & Nephew,http://www.smith-nephew.com/about-us/where-we-operate/europe/switzerland/
Smith & Nephew,http://www.smith-nephew.com/about-us/where-we-operate/middle-east/israel/
Smith & Nephew,http://www.smith-nephew.com/about-us/where-we-operate/middle-east/qatar-/
Smith & Nephew,http://www.smith-nephew.com/about-us/where-we-operate/americas/costa-rica/
Smith & Nephew,http://www.smith-nephew.com/about-us/where-we-operate/americas/nicaragua-/
Smith & Nephew,http://www.smith-nephew.com/about-us/where-we-operate/middle-east/kuwait-/
Smith & Nephew,http://www.smith-nephew.com/about-us/where-we-operate/americas/el-salvador/
Smith & Nephew,http://www.smith-nephew.com/about-us/where-we-operate/americas/puerto-rico/
Smith & Nephew,http://www.smith-nephew.com/about-us/where-we-operate/middle-east/bahrain-/
Smith & Nephew,http://www.smith-nephew.com/about-us/what-we-do/orthopaedic-reconstruction/
Smith & Nephew,http://www.smith-nephew.com/about-us/where-we-operate/europe/czech-republic/
Smith & Nephew,http://www.smith-nephew.com/about-us/where-we-operate/americas/united-states/
Smith & Nephew,http://www.smith-nephew.com/about-us/where-we-operate/middle-east/saudi-arabia/
Smith & Nephew,http://www.smith-nephew.com/about-us/where-we-operate/middle-east/united-arab-emirates/
Hynix Semiconductor Inc.,http://skhynix.com/eng/about/compOverview.jsp
Hynix Semiconductor Inc.,http://skhynix.com/eng/about/corpGovernance.jsp
Hynix Semiconductor Inc.,http://skhynix.com/eng/sustain/sustainManage.do
Hynix Semiconductor Inc.,http://skhynix.com/eng/support/induSecurity.jsp
Pansonic Corporation,https://shop.panasonic.com/our-company
Nippon Shokubai Co.,http://www.shokubai.co.jp/en/csr/ethics/
Seagate Technology LLC,https://www.seagate.com/partners/
Seagate Technology LLC,https://www.seagate.com/direct-partners/
Sandia Corporation,http://www.sandia.gov/cities/
Sandia Corporation,http://www.sandia.gov/about/diversity/index_old.html
Sandia Corporation,http://www.sandia.gov/about/community/volunteer_programs.html
Sandia Corporation,http://www.sandia.gov/news/publications/partnerships/index.html
Sandia Corporation,http://www.sandia.gov/about/community/contribution_programs.html
Sandia Corporation,http://www.sandia.gov/about/community/education_programs/index.html
Sandia Corporation,http://www.sandia.gov/working_with_sandia/agreements/nfe/index.html
Sandia Corporation,http://www.sandia.gov/resources/employees/corporate_forms/index.html
Sandia Corporation,http://www.sandia.gov/missions/nuclear_weapons/about_nuclear_weapons.html
Sandia Corporation,http://www.sandia.gov/missions/defense_systems/about_defense_systems.html
Sandia Corporation,http://www.sandia.gov/working_with_sandia/technology_partnerships/c3.html
Sandia Corporation,http://www.sandia.gov/working_with_sandia/technology_partnerships/index.html
Sandia Corporation,http://www.sandia.gov/working_with_sandia/technology_partnerships/government.html
Sandia Corporation,http://www.sandia.gov/about/environment/environmental_management_system/index.html
Sandia Corporation,http://www.sandia.gov/working_with_sandia/technology_partnerships/universities/index.html
Sandia Corporation,http://www.sandia.gov/working_with_sandia/technology_partnerships/business_industry_nonprofits/index.html
Bluestar Silicones France,https://silicones.elkem.com/EN/about-us/about-elkem-silicones
Bluestar Silicones France,https://silicones.elkem.com/EN/company/Lists/Event_company/Dispform.aspx?ID=147
Bluestar Silicones France,https://silicones.elkem.com/EN/company/Lists/Event_company/Dispform.aspx?ID=148
Bluestar Silicones France,https://silicones.elkem.com/EN/company/Lists/Event_company/Dispform.aspx?ID=146
Bluestar Silicones France,https://silicones.elkem.com/EN/company/Research_And_Development/Pages/All-innovations.aspx
Schneider Electric USA,https://www.schneider-electric.us/en/partners/
Schneider Electric USA,https://www.schneider-electric.us/en/partners/alliances/
Schneider Electric USA,https://www.schneider-electric.us/en/partners/channels/oem/
Schneider Electric USA,https://www.schneider-electric.us/en/partners/programs/ecoxpert/
Schneider Electric USA,https://www.schneider-electric.us/en/partners/consulting-engineers/
Schneider Electric USA,https://www.schneider-electric.us/en/partners/electrical-contractor/
Schneider Electric USA,https://www.schneider-electric.us/en/partners/channels/distributors/
Schneider Electric USA,https://www.schneider-electric.us/en/about-us/legal/data-privacy.jsp
Schneider Electric USA,https://www.schneider-electric.us/en/about-us/careers/our-people.jsp
Schneider Electric USA,https://www.schneider-electric.us/en/partners/channels/panel-builders/
Schneider Electric USA,https://www.schneider-electric.us/en/about-us/company-profile/history/
Schneider Electric USA,https://www.schneider-electric.us/en/about-us/diversity-and-inclusion/
Schneider Electric USA,https://www.schneider-electric.us/en/about-us/supplier-resource-center/
Schneider Electric USA,https://www.schneider-electric.us/en/services/partner-managed-services/
Schneider Electric USA,https://www.schneider-electric.us/en/work/services/partner-managed-services/
Schneider Electric USA,https://www.schneider-electric.us/en/about-us/careers/your-experience-level.jsp
Schneider Electric USA,https://www.schneider-electric.us/en/partners/channels/system-integrators/industry/
Schneider Electric USA,https://www.schneider-electric.us/en/work/services/field-services/power-management/
Schneider Electric USA,https://www.schneider-electric.us/en/work/solutions/power-and-energy-management-solutions/
Schneider Electric USA,https://www.schneider-electric.us/en/work/services/partner-managed-services/ecostruxure-facility-expert/
Schneider Electric USA,https://www.schneider-electric.us/en/about-us/events/innovation-summit-north-america/preregistration-form/virtual-event/
Schneider Electric USA,https://www.schneider-electric.us/en/work/services/energy-and-sustainability/energy-management-sustainability-services.jsp
Schneider Electric USA,https://www.schneider-electric.us/en/work/services/partner-managed-services/facility-insights/facility-insights-overview.jsp
Sick AG,https://www.sick.com/de/en/about-sick/corporate-social-responsibility/w/corporate-social-responsibility/
Sick AG,https://www.sick.com/de/en/about-sick/sensor-intelligence-to-organize-the-factory-of-the-future/w/business-fields/
Sick AG,https://www.sick.com/de/en/corporate-social-responsibility/corporate-social-responsibility-for-society/w/csr-society/
Sick AG,https://www.sick.com/de/en/corporate-social-responsibility/climate-and-environmental-protection-management/w/csr-environmental-protection/
ProNAi Therapeutics,https://www.sierraoncology.com/company/careers
ProNAi Therapeutics,https://www.sierraoncology.com/company-overview/
ProNAi Therapeutics,https://www.sierraoncology.com/company/contact-us
SAE Magnetics (HK) Ltd.,http://www.sae.com.hk/company
Sweetwater Energy,http://sweetwater.us/partners
Sweetwater Energy,http://sweetwater.us/partners/
Research Triangle Institute,https://www.rti.org/partner-with-us
Shell Oil Company,https://www.shell.us/about-us/projects-and-locations/permian-basin.html
Shell Oil Company,https://www.shell.us/about-us/projects-and-locations/shell-polymers.html
Shell Oil Company,https://www.shell.us/about-us/contact-shell/service-station-feedback.html
Shell Oil Company,https://www.shell.us/about-us/projects-and-locations/martinez-refinery.html
Shell Oil Company,https://www.shell.us/business-customers/trading/shell-trading-us-company.html
Shell Oil Company,https://www.shell.us/about-us/projects-and-locations/puget-sound-refinery.html
Shell Oil Company,https://www.shell.us/business-customers/shell-pipeline/about-shell-pipeline.html
Shell Oil Company,https://www.shell.us/about-us/projects-and-locations/shell-convent-refinery.html
Shell Oil Company,https://www.shell.us/about-us/projects-and-locations/appalachia-pennsylvania.html
Shell Oil Company,https://www.shell.us/about-us/features-and-highlights/saskatchewan-polytechnic.html
Shell Oil Company,https://www.shell.us/about-us/projects-and-locations/norco-manufacturing-complex.html
Shell Oil Company,https://www.shell.us/about-us/projects-and-locations/deer-park-manufacturing-site.html
Shell Oil Company,https://www.shell.us/sustainability/shell-and-jazz-fest/shell-history-in-louisiana.html
Shell Oil Company,https://www.shell.us/about-us/projects-and-locations/shell-technology-center-houston.html
Shell Oil Company,https://www.shell.us/sustainability/supplier-diversity/supplier-diversity-and-shell-us.html
Shell Oil Company,https://www.shell.us/sustainability/supporting-education/science-and-careers-in-energy.html
Shell Oil Company,https://www.shell.us/energy-and-innovation/shale-gas-and-oil/have-questions-about-shale.html
Shell Oil Company,https://www.shell.us/about-us/projects-and-locations/shell-in-carson-southern-california.html
Shell Oil Company,https://www.shell.us/about-us/projects-and-locations/robert-training-and-conference-center.html
Shell Oil Company,https://www.shell.us/business-customers/trading/shell-trading-us-company-lease-administration.html
Shell Oil Company,https://www.shell.us/media/2018-media-releases/partners-join-shell-make-the-future-california.html
Shell Oil Company,https://www.shell.us/about-us/features-and-highlights/shell-grant-improves-road-safety-in-louisiana.html
Shell Oil Company,https://www.shell.us/media/2018-media-releases/zydeco-pipeline-company-announces-binding-open-season.html
Shell Oil Company,https://www.shell.us/about-us/features-and-highlights/louisianas-first-oyster-shell-recycling-program.html
Shell Oil Company,https://www.shell.us/energy-and-innovation/energy-from-deepwater/about-shell-deep-water-in-the-gulf-of-mexico.html
Shell Oil Company,https://www.shell.us/about-us/shell-alumni-in-the-americas-online/new-medicare-plan-for-two-thousand-eighteen.html
Shell Oil Company,https://www.shell.us/about-us/features-and-highlights/hydrogen-for-fuel-cell-electric-vehicle-and-heavy-duty-trucks.html
Shell Oil Company,https://www.shell.us/about-us/features-and-highlights/global-robotics-competition-in-mexico-tackles-energy-challenges.html
Shell Oil Company,https://www.shell.us/about-us/projects-and-locations/deer-park-manufacturing-site/big-energy-a-texas-tale-of-people-powering-progress.html
Shell Oil Company,https://www.shell.us/about-us/features-and-highlights/workforce-development-and-diversity-outreach-helps-to-build-future-technical-workers.html
Shell Oil Company,https://www.shell.us/about-us/projects-and-locations/norco-manufacturing-complex/community-commitment/five-million-dollar-gift-from-shell-norco.html
Shell Oil Company,https://www.shell.us/about-us/projects-and-locations/puget-sound-refinery/puget-sound-refinery-news-events/shell-proudly-fuels-life-in-pacific-northwest.html
Shell Oil Company,https://www.shell.us/about-us/projects-and-locations/puget-sound-refinery/puget-sound-refinery-news-events/refinery-employee-celebrates-44-years-of-shell-service.html
BAXALTA INCORPORATED,https://www.shire.com/who-we-are/areas-of-focus/immunology
BAXALTA INCORPORATED,https://www.shire.com/who-we-are/areas-of-focus/ophthalmics
BAXALTA INCORPORATED,https://www.shire.com/who-we-are/areas-of-focus/neuroscience
BAXALTA INCORPORATED,https://www.shire.com/who-we-are/how-we-operate/partnerships
BAXALTA INCORPORATED,https://www.shire.com/who-we-are/leadership/board-of-directors
BAXALTA INCORPORATED,https://www.shire.com/who-we-are/leadership/executive-committee
BAXALTA INCORPORATED,https://www.shire.com/who-we-are/areas-of-focus/genetic-diseases
BAXALTA INCORPORATED,https://www.shire.com/who-we-are/areas-of-focus/internal-medicine
BAXALTA INCORPORATED,https://www.shire.com/who-we-are/how-we-operate/corporate-governance
BAXALTA INCORPORATED,https://www.shire.com/who-we-are/how-we-operate/policies-and-positions
BAXALTA INCORPORATED,https://www.shire.com/patients/patient-advocacy/about-patient-advocacy
BAXALTA INCORPORATED,https://www.shire.com/who-we-are/how-we-operate/transparency-disclosures
BAXALTA INCORPORATED,https://www.shire.com/who-we-are/how-we-operate/policies-and-positions/supplier-information
Sensor-Kinesis Corporation,http://sensor-kinesis.com/strategic-partners/
Zoetis Services LLC,https://www.zoetis.com/user-profile/logout.aspx
Zoetis Services LLC,https://www.zoetis.com/about-us/corporate-compliance-program.aspx
Zoetis Services LLC,https://www.zoetis.com/innovation/strategic-partnerships/index.aspx
Zoetis Services LLC,https://www.zoetis.com/user-profile/profile.aspx?ReturnUrl=/dashboard.aspx
Zoetis Services LLC,https://www.zoetis.com/responsibility/run-business/compliance-program.aspx
Zoetis Services LLC,https://www.zoetis.com/about-us/corporate-governance/contact-the-board.aspx
Zoetis Services LLC,https://www.zoetis.com/innovation/strategic-partnerships/become-a-partner.aspx
Zoetis Services LLC,https://www.zoetis.com/innovation/strategic-partnerships/one-health-approach.aspx
Zoetis Services LLC,https://www.zoetis.com/about-us/corporate-governance/board-of-directors/index.aspx
Zoetis Services LLC,https://www.zoetis.com/responsibility/advance-animal-health/partner-of-choice.aspx
Zoetis Services LLC,https://www.zoetis.com/innovation/strategic-partnerships/partnership-opportunities.aspx
Zoetis Services LLC,https://www.zoetis.com/innovation/strategic-partnerships/compound-transfer-program.aspx
Sysmex Corporation,http://www.sysmex.com.vn/
Pixelligent Technologies,http://www.pixelligent.com/our-company
Pixelligent Technologies,https://pixelligent.com/partner-file-share/
UT-Battelle,https://ut-battelle.org/partners.shtml
Performance Plants,http://performanceplants.com/corporate-information/
UOP LLC,https://www.phoenix.edu/about_us/publications/academic-annual-report.html
UOP LLC,https://www.phoenix.edu/programs/degree-programs/technology/doctoral/dm-ist.html
UOP LLC,https://www.phoenix.edu/about_us/about_university_of_phoenix/mission_and_purpose.html
UOP LLC,https://www.phoenix.edu/programs/degree-programs/business-and-management/doctoral/dm.html
UOP LLC,https://www.phoenix.edu/programs/degree-programs/business-and-management/doctoral/dba.html
Sangamo BioSciences,https://www.sangamo.com/about-us/overview
Sangamo BioSciences,https://www.sangamo.com/pipeline/partnered-programs
Sangamo BioSciences,https://www.sangamo.com/investors-media/corporate-governance
Sangamo BioSciences,https://www.sangamo.com/investors-media/overview/corporate-profile
Sangamo BioSciences,https://www.sangamo.com/investors-media/corporate-governance/leadership-team
Sangamo BioSciences,https://www.sangamo.com/investors-media/corporate-governance/board-directors
Sangamo BioSciences,https://www.sangamo.com/investors-media/corporate-governance/committee-composition
Rolls-Royce PLC,https://www.rolls-royce.com/about/
Rolls-Royce PLC,https://www.rolls-royce.com/about/leadership/
Rolls-Royce PLC,https://www.rolls-royce.com/about/our-research/
Rolls-Royce PLC,https://www.rolls-royce.com/about/heritage-trust/
Rolls-Royce PLC,https://www.rolls-royce.com/country-sites/china/history/
Rolls-Royce PLC,https://www.rolls-royce.com/contact-us/heritage-team.aspx
Rolls-Royce PLC,https://www.rolls-royce.com/contact-us/pensions-team.aspx
Rolls-Royce PLC,https://www.rolls-royce.com/about/heritage-trust/branches/
Rolls-Royce PLC,https://www.rolls-royce.com/country-sites/japan/about.aspx
Rolls-Royce PLC,https://www.rolls-royce.com/contact-us/helicopters-team.aspx
Rolls-Royce PLC,https://www.rolls-royce.com/country-sites/china/history.aspx
Rolls-Royce PLC,https://www.rolls-royce.com/contact-us/defence-aerospace.aspx
Rolls-Royce PLC,https://www.rolls-royce.com/about/heritage-trust/branches.aspx
Rolls-Royce PLC,https://www.rolls-royce.com/contact-us/marine-business-team.aspx
Rolls-Royce PLC,https://www.rolls-royce.com/about/heritage-trust/publications.aspx
Rolls-Royce PLC,https://www.rolls-royce.com/country-sites/deutschland/kundenfocus/
Rolls-Royce PLC,https://www.rolls-royce.com/country-sites/china/history/events.aspx
Rolls-Royce PLC,https://www.rolls-royce.com/country-sites/sea/partners-in-progress/
Rolls-Royce PLC,https://www.rolls-royce.com/country-sites/japan/partners-in-success/
Rolls-Royce PLC,https://www.rolls-royce.com/country-sites/india/partners-in-progress/
Rolls-Royce PLC,https://www.rolls-royce.com/about/leadership/corporate-governance.aspx
Rolls-Royce PLC,https://www.rolls-royce.com/contact-us/ethics-and-compliance-team.aspx
Rolls-Royce PLC,https://www.rolls-royce.com/country-sites/deutschland/kundenfocus.aspx
Rolls-Royce PLC,https://www.rolls-royce.com/about/heritage-trust/contact-the-trust.aspx
Rolls-Royce PLC,https://www.rolls-royce.com/contact-us/corporate-sustainability-team.aspx
Rolls-Royce PLC,https://www.rolls-royce.com/country-sites/india/partners-in-progress.aspx
Rolls-Royce PLC,https://www.rolls-royce.com/about/leadership/executive-leadership-team.aspx
Rolls-Royce PLC,https://www.rolls-royce.com/about/our-research/research-and-university.aspx
Rolls-Royce PLC,https://www.rolls-royce.com/about/heritage-trust/heritage-trust-events.aspx
Rolls-Royce PLC,https://www.rolls-royce.com/about/heritage-trust/branches/bristol-branch.aspx
Rolls-Royce PLC,https://www.rolls-royce.com/about/heritage-trust/branches/scottish-branch.aspx
Rolls-Royce PLC,https://www.rolls-royce.com/country-sites/china/history/50-years-in-china.aspx
Rolls-Royce PLC,https://www.rolls-royce.com/country-sites/sea/partners-in-progress/digital.aspx
Rolls-Royce PLC,https://www.rolls-royce.com/country-sites/sea/partners-in-progress/services.aspx
Rolls-Royce PLC,https://www.rolls-royce.com/about/heritage-trust/branches/indianapolis-branch.aspx
Rolls-Royce PLC,https://www.rolls-royce.com/country-sites/india/partners-in-progress/our-people.aspx
Rolls-Royce PLC,https://www.rolls-royce.com/country-sites/india/partners-in-progress/engineering.aspx
Rolls-Royce PLC,https://www.rolls-royce.com/about/heritage-trust/membership-of-the-heritage-trust.aspx
Rolls-Royce PLC,https://www.rolls-royce.com/country-sites/japan/partners-in-success/made-in-japan.aspx
Rolls-Royce PLC,https://www.rolls-royce.com/about/heritage-trust/branches/derby-and-hucknall-branch.aspx
Rolls-Royce PLC,https://www.rolls-royce.com/about/heritage-trust/branches/coventry-and-ansty-branch.aspx
Rolls-Royce PLC,https://www.rolls-royce.com/about/our-research/advanced-manufacturing-research-centres.aspx
Rolls-Royce PLC,https://www.rolls-royce.com/country-sites/sea/partners-in-progress/research-and-technology.aspx
Rolls-Royce PLC,https://www.rolls-royce.com/country-sites/japan/partners-in-success/research-and-development.aspx
Rolls-Royce PLC,https://www.rolls-royce.com/country-sites/northamerica/supplier-diversity/corporate-initiatives.aspx
Rolls-Royce PLC,https://www.rolls-royce.com/country-sites/sea/partners-in-progress/manufacturing-and-supply-chain.aspx
Rolls-Royce PLC,https://www.rolls-royce.com/country-sites/india/partners-in-progress/manufacturing-and-supply-chain.aspx
Solan,https://www.salon.com/2018/12/02/farmers-dilemma-save-bees-or-save-themselves_partner/
Solan,https://www.salon.com/2018/12/02/the-best-chicken-breast-recipe-you-have-never-heard-of_partner/
Solan,https://www.salon.com/2018/11/29/trump-appeals-to-men-who-suffer-from-fragile-masculinity_partner/
Solan,https://www.salon.com/2018/12/02/silicon-valley-is-undermining-democracy-with-its-dangerous-ideology_partner/
Solan,https://www.salon.com/2018/12/02/democrats-taking-key-leadership-jobs-have-pocketed-millions-from-pharma_partner/
Solan,https://www.salon.com/2018/12/03/smoking-rates-in-us-have-fallen-to-all-time-low-but-how-did-they-get-so-high_partner/
Solan,https://www.salon.com/2018/12/02/we-are-studying-collapsed-civilizations-so-that-ours-can-endure-climate-change_partner/
Solan,https://www.salon.com/2018/12/02/paul-schrader-wants-better-moviegoers-says-audiences-do-not-take-films-seriously_partner/
Solan,https://www.salon.com/2018/12/02/trump-takes-a-tougher-line-on-pakistan-but-the-2008-mumbai-attack-goes-unpunished_partner/
Raytheon Company,https://www.raytheon.com/ourcompany/global/
Raytheon Company,https://www.raytheon.com/ourcompany/global/middle_east
Raytheon Company,https://www.raytheon.com/ourcompany/global/americas/canada
Raytheon Company,https://www.raytheon.com/ourcompany/rps-tailored-corporate-training-solutions
Raytheon Company,http://www.facebook.com/share.php?u=https://www.raytheon.com/ourcompany/bbn&title=Raytheon%20BBN%20Technologies
Raytheon Company,https://twitter.com/intent/tweet?url=https://www.raytheon.com/ourcompany/bbn&status=Raytheon%20BBN%20Technologies+https://www.raytheon.com/ourcompany/bbn
Raytheon Company,http://www.linkedin.com/shareArticle?mini=true&url=https://www.raytheon.com/ourcompany/bbn&title=Raytheon%20BBN%20Technologies&source=https://www.raytheon.com/ourcompany/bbn
Paratek Pharmaceuticals,https://paratekpharma.com/media/1596/corporate-slidedeck.pdf?Oct-2018
Tigo Energy,https://www.tigoenergy.com/about-tigo
Tigo Energy,https://www.tigoenergy.com/about-tigo/press-releases/92/
Tigo Energy,https://www.tigoenergy.com/about-tigo/board-of-directors/
AVI BioPharma,https://www.sarepta.com/company/strategic-scientific-advisory-board
Solaire Generation LLC,http://sunpowercarports.com/homepage
Oki Data Corporation,https://www.oki.com/en/profile/conduct/charter.html
Voxtel,http://voxtel-inc.com/about-voxtel
Universal Display Corporation,http://oled.com/about/contact
Universal Display Corporation,https://oled.com/about/careers/opportunities/
Universal Display Corporation,http://ir.oled.com/shareholders/corporate-governance/default.aspx
Universal Display Corporation,https://ir.oled.com/shareholders/Corporate-Responsibility/default.aspx
Universal Display Corporation,http://ir.oled.com/shareholders/corporate-governance/executive-management/default.aspx
Universal Display Corporation,https://oled.com/about/environmental-health-safety-ehs-quality-management-systems-qms-policies/
O.B.I. Inc.,https://obi.org/medical-professionals/hospital-partners/
O.B.I. Inc.,https://obi.org/about-us/events-promotions/give-blood-make-it-a-tradition/2126
O.B.I. Inc.,https://obi.org/about-us/events-promotions/Oklahoma_Blood_Institute_Social_Media_Links/519
O.B.I. Inc.,https://obi.org/about-us/newsroom/oklahoma-blood-institute-thanks-recognizes-those-who-serve/2115/
O.B.I. Inc.,https://obi.org/about-us/events-promotions/southwestern-oklahoma-state-university-blood-drive1/1820
Samsung Electronics,https://www.samsung.com/us/aboutsamsung/
Samsung Electronics,https://www.samsung.com/us/aboutsamsung/ir/newsMain.do
Samsung Electronics,https://www.samsung.com/us/aboutsamsung/sustainability/environment/
Piksel,https://piksel.com/partners/
Piksel,https://blog.piksel.com/press-release/piksel-group-selected-for-aws-well-architected-partner-programme
Piksel,https://www.facebook.com/sharer/sharer.php?u=https://blog.piksel.com/press-release/piksel-group-selected-for-aws-well-architected-partner-programme
Piksel,https://twitter.com/home?status=Piksel%20introduces%20next-generation%20Video%20Content%20Management%20System%20(VCMS)%20and%20announces%C2%A0VCMS%C2%B2%20%7C%20https://blog.piksel.com/press-release/piksel-announces-vcms2
Piksel,https://twitter.com/home?status=Piksel%20Group%20selected%20for%20AWS%20Well%20Architected%20partner%20programme%20%7C%20https://blog.piksel.com/press-release/piksel-group-selected-for-aws-well-architected-partner-programme
Piksel,https://www.linkedin.com/shareArticle?mini=true&url=https://blog.piksel.com/press-release/piksel-group-selected-for-aws-well-architected-partner-programme&title=Piksel%20Group%20selected%20for%20AWS%20Well%20Architected%20partner%20programme&summary=&source
Riverbed Technology,https://www.riverbed.com/about.html
Riverbed Technology,http://www.riverbed.com/about/awards/
Riverbed Technology,http://www.riverbed.com/about/events/
Riverbed Technology,https://www.riverbed.com/partners.html
Riverbed Technology,http://www.riverbed.com/become-partner/
Riverbed Technology,https://www.riverbed.com/partner-blogs.html
Riverbed Technology,https://www.riverbed.com/partners/index.html
Riverbed Technology,http://www.riverbed.com/about/news-articles/
Riverbed Technology,http://www.riverbed.com/about/document-repository/
Riverbed Technology,https://www.riverbed.com/about/webinar-library.html
Riverbed Technology,https://www.riverbed.com/about/global-locations.html
Riverbed Technology,https://www.riverbed.com/support/support-partners.html
Riverbed Technology,https://www.riverbed.com/partners/channel-partners.html
Riverbed Technology,https://www.riverbed.com/about/news-and-events/events.html
Riverbed Technology,https://www.riverbed.com/about/news-and-events/articles.html
Riverbed Technology,https://www.riverbed.com/partners/technology-alliances/aws.html
Riverbed Technology,https://www.riverbed.com/about/community-and-sustainability.html
Riverbed Technology,https://www.riverbed.com/partners/technology-alliances/index.html
Riverbed Technology,https://www.riverbed.com/about/executive-briefing-center--ebc.html
Riverbed Technology,https://www.riverbed.com/about/news-and-events/press-releases.html
Riverbed Technology,https://www.riverbed.com/about/customers/all-customer-stories.html
Riverbed Technology,https://www.riverbed.com/partners/technology-alliances/zscaler.html
Riverbed Technology,https://www.riverbed.com/solutions/digital-experience-management.html
Riverbed Technology,https://www.riverbed.com/partners/technology-alliances/microsoft.html
Riverbed Technology,https://www.riverbed.com/partners/technology-alliances/riverbed-ready.html
Riverbed Technology,https://www.riverbed.com/forms/webinars/dynamic-duo-of-cloud-network-management.html
Richtek Technology Corporation,https://www.richtek.com/History?sc_lang=en
Renesas Electronics Corporation,https://www.renesas.com/us/en/support/partners.html
Renesas Electronics Corporation,https://www.renesas.com/us/en/about/company/procurement.html
Renesas Electronics Corporation,https://www.renesas.com/us/en/support/partners/r-in-consortium.html
Renesas Electronics Corporation,https://www.renesas.com/us/en/support/partners/r-car-consortium.html
Renesas Electronics Corporation,https://www.renesas.com/us/en/support/partners/alliance-partner.html
Renesas Electronics Corporation,https://www.renesas.com/us/en/solutions/energy-management-system.html
Renesas Electronics Corporation,https://www.renesas.com/us/en/support/partners/r-car-consortium/faq.html
Renesas Electronics Corporation,https://www.renesas.com/us/en/solutions/key-technology/power-management.html
Renesas Electronics Corporation,https://www.renesas.com/us/en/support/partners/r-car-consortium/partner.html
Renesas Electronics Corporation,https://www.renesas.com/us/en/support/partners/r-in-consortium/partners.html
Renesas Electronics Corporation,https://www.renesas.com/us/en/support/partners/r-in-consortium/solutions.html
Renesas Electronics Corporation,https://www.renesas.com/us/en/solutions/energy-management-system/flow-meters.html
Renesas Electronics Corporation,https://www.renesas.com/us/en/solutions/energy-management-system/connectivity.html
Renesas Electronics Corporation,https://www.renesas.com/us/en/solutions/energy-management-system/electricity-meters.html
Renesas Electronics Corporation,https://www.renesas.com/us/en/support/partners/r-car-consortium/development-support.html
Renesas Electronics Corporation,https://www.renesas.com/us/en/solutions/key-technology/sotb.html?cid=r_top-4_prd_sotb_181114
SunPower Corporation,https://us.sunpower.com/company/contact-sunpower/
SunPower Corporation,https://us.sunpower.com/company/corporate-social-responsibility/
Newdoll Enterprises LLC,http://newholdllc.com/who-we-are
Newdoll Enterprises LLC,http://newholdllc.com/building-partnerships
MIETAMARK GENETICS,http://metamarkgenetics.com/about-us/contact-us
Photon Dynamics,https://www.orbotech.com/company
Photon Dynamics,https://www.orbotech.com/company/management/corporate-executives
Photon Dynamics,https://www.orbotech.com/company/management/subsidiary-executives
Photon Dynamics,https://www.orbotech.com/company/associated-companies/joint-ventures
Photon Dynamics,https://www.orbotech.com/company/associated-companies/orbotech-subsidiaries
Ricoh Company Limited,https://www.ricoh.com/about/company/data/board/
Ricoh Company Limited,https://www.ricoh.com/about/company/promotions/
Ricoh Company Limited,https://www.ricoh.com/about/company/empowering/
Ricoh Company Limited,https://www.ricoh.com/technology/rd/message.html
Ricoh Company Limited,https://www.ricoh.com/about/commitment/philosophy/
Ricoh Company Limited,https://www.ricoh.com/about/empowering-digital-workplaces/
Northwest Biotherapeutics,https://nwbio.com/dcvax-technology/
Freescale Semiconductor,https://www.nxp.com/about/about-nxp:ABOUT-NXP
Freescale Semiconductor,https://www.nxp.com/about/careers-at-nxp:CAREERS
Freescale Semiconductor,https://www.nxp.com/about/terms-of-use:TERMSOFUSE
Freescale Semiconductor,https://www.nxp.com/about/privacy:PRIVACYPRACTICES
Freescale Semiconductor,https://www.nxp.com/about/our-customers:ABOUT_CUSTOMERS
Freescale Semiconductor,https://www.nxp.com/about/about-nxp/contact-us:CONTACTUS
Freescale Semiconductor,https://www.nxp.com/about/nxp-mobile-applications:MOBILE
Freescale Semiconductor,https://www.nxp.com/about/worldwide-locations:GLOBAL_SITES
Freescale Semiconductor,https://www.nxp.com/about/corporate-responsibility:CORP_SOCIAL_RESP
Freescale Semiconductor,https://www.nxp.com/support/support/nxp-partner-directory:PARTNER-DIRECTORY
Freescale Semiconductor,https://www.nxp.com/about/about-nxp/about-nxp/careers-at-nxp:CAREERS?tid=FSH
Freescale Semiconductor,https://www.nxp.com/about/about-nxp/corporate-responsibility:CORP_SOCIAL_RESP
Freescale Semiconductor,https://www.nxp.com/about/about-nxp/about-nxp/corporate-responsibility:CORP_SOCIAL_RESP?tid=FSH
Freescale Semiconductor,https://www.nxp.com/about/about-nxp/corporate-responsibility/ethics/statement-on-slavery-and-human-trafficking:RESPECTING-HUMAN-RIGHTS
Winbond Electronics Corp.,http://www.winbond.com/hq/about-winbond/?__locale=en
Winbond Electronics Corp.,http://www.winbond.com/hq/about-winbond/csr/?__locale=en
Winbond Electronics Corp.,http://www.winbond.com/hq/about-winbond/Legal/?__locale=en
Winbond Electronics Corp.,http://www.winbond.com/hq/about-winbond/investor/?__locale=en
Winbond Electronics Corp.,http://www.winbond.com/hq/about-winbond/stakeholder/?__locale=en
Winbond Electronics Corp.,http://www.winbond.com/hq/about-winbond/news-and-events/?__locale=en
Winbond Electronics Corp.,http://www.winbond.com/hq/about-winbond/company-profile/?__locale=en
Winbond Electronics Corp.,http://www.winbond.com/hq/about-winbond/human-resources/?__locale=en
Winbond Electronics Corp.,http://www.winbond.com/hq/about-winbond/csr/citizenship/?__locale=en
Winbond Electronics Corp.,http://www.winbond.com/hq/about-winbond/investor/compliance/?__locale=en
Winbond Electronics Corp.,http://www.winbond.com/hq/about-winbond/csr/conflict-minerals/?__locale=en
Winbond Electronics Corp.,http://www.winbond.com/hq/about-winbond/news-and-events/events/?__locale=en
Winbond Electronics Corp.,http://www.winbond.com/hq/about-winbond/company-profile/vision/?__locale=en
Winbond Electronics Corp.,http://www.winbond.com/hq/about-winbond/csr/friendly-workplace/?__locale=en
Winbond Electronics Corp.,http://www.winbond.com/hq/about-winbond/quality-policy/quality/?__locale=en
Winbond Electronics Corp.,http://www.winbond.com/hq/about-winbond/stakeholder/contact_us/?__locale=en
Winbond Electronics Corp.,http://www.winbond.com/hq/about-winbond/human-resources/recruit/?__locale=en
Winbond Electronics Corp.,http://www.winbond.com/hq/about-winbond/company-profile/overview/?__locale=en
Winbond Electronics Corp.,http://www.winbond.com/hq/about-winbond/csr/corporate-governance/?__locale=en
Winbond Electronics Corp.,http://www.winbond.com/hq/about-winbond/quality-policy/management/?__locale=en
Winbond Electronics Corp.,http://www.winbond.com/hq/about-winbond/company-profile/milestones/?__locale=en
Winbond Electronics Corp.,http://www.winbond.com/hq/about-winbond/csr/safety-risk-management/?__locale=en
Winbond Electronics Corp.,http://www.winbond.com/hq/about-winbond/csr/sustainable-development/?__locale=en
Winbond Electronics Corp.,http://www.winbond.com/hq/about-winbond/company-profile/organization/?__locale=en
Winbond Electronics Corp.,http://www.winbond.com/hq/about-winbond/investor/shareholder-services/?__locale=en
Winbond Electronics Corp.,http://www.winbond.com/hq/about-winbond/company-profile/internal-audit/?__locale=en
Winbond Electronics Corp.,http://www.winbond.com/hq/about-winbond/investor/financial-information/?__locale=en
Winbond Electronics Corp.,http://www.winbond.com/hq/about-winbond/company-profile/awards-and-honors/?__locale=en
Winbond Electronics Corp.,http://www.winbond.com/hq/about-winbond/stakeholder/communication-channel/?__locale=en
Winbond Electronics Corp.,http://www.winbond.com/hq/about-winbond/company-profile/corporate-officers/?__locale=en
Cisco Technology,https://www.cisco.com/c/en/us/partners.html
Cisco Technology,https://www.cisco.com/c/en/us/solutions/partner-ecosystem.html
Cisco Technology,https://www.cisco.com/c/en/us/partners/partner-with-cisco.html
Cisco Technology,https://www.cisco.com/c/en/us/solutions/collaboration/webex-teams.html
Cisco Technology,https://www.cisco.com/c/en/us/about/careers/we-are-cisco/people-deal.html
Cisco Technology,https://www.cisco.com/c/en/us/about/case-studies-customer-success-stories.html
Cisco Technology,https://www.cisco.com/c/en/us/about/csr/impact/environmental-sustainability.html
Cisco Technology,https://www.cisco.com/c/en/us/about/case-studies-customer-success-stories/datascan.html
Cisco Technology,https://www.cisco.com/c/en/us/about/corporate-social-responsibility/statement-slavery-human-trafficking.html
Pixar,https://www.pixar.com/about/
Pharmatrophix,http://pharmatrophix.com/partners.html
OrbusNeich Medical,http://orbusneich.com/en/events/china-interventional-therapeutics-partnership-tct-cit-2019
MICROSOFT TECHNOLOGY LICENSING,http://www.microsoft.com/mtl%20
MICROSOFT TECHNOLOGY LICENSING,https://www.microsoft.com/iplicensing
Big Belly Solar,http://clean.bigbelly.com
Big Belly Solar,http://bigbelly.com/about/international/
Chemtreat,http://www.chemtreat.com/about
Chemtreat,http://www.chemtreat.com/about/locations
Chemtreat,http://www.chemtreat.com/about/locations/
Chemtreat,http://www.chemtreat.com/about/locations/mexico/
Chemtreat,http://www.chemtreat.com/about/business-divisions/
Chemtreat,http://www.chemtreat.com/about/our-company-and-people/
Chemtreat,http://www.chemtreat.com/about/careers-with-chemtreat/
Chemtreat,http://www.chemtreat.com/developing-water-management-plan/
Chemtreat,http://www.chemtreat.com/capabilities/boiler-treatment/steam-and-condensate/
Chemtreat,http://www.chemtreat.com/solutions/environmental-water-treatment/sustainablility/
Chemtreat,http://www.chemtreat.com/about/environmental-health-safety-policy/environmental-commitment/
PACCAR Inc,https://www.paccar.com/about-us/
PACCAR Inc,https://www.paccar.com/about-us/corporate-responsibility/
PACCAR Inc,https://www.paccar.com/about-us/environmental-leadership/
Hitachi Metals,https://www.hitachimetals.com/corporate-information/corporate-statement.php
Hitachi Metals,https://www.hitachimetals.com/corporate-information/community-relations.php
Hitachi Metals,https://www.hitachimetals.com/corporate-information/hma-plants-subsidiaries.php
Pacific Biosciences of California,https://www.pacb.com/company/
Pacific Biosciences of California,https://www.pacb.com/company/careers/
Pacific Biosciences of California,https://www.pacb.com/company/investors/
Fairchild Semiconductor Corporation,https://www.onsemi.com/PowerSolutions/
Fairchild Semiconductor Corporation,https://www.onsemi.com/PowerSolutions/content.do?id=ABOUT
Fairchild Semiconductor Corporation,https://www.onsemi.com/PowerSolutions/taxonomy.do?id=17880
Fairchild Semiconductor Corporation,https://www.onsemi.com/PowerSolutions/mainTaxonomy.do?id=3
Fairchild Semiconductor Corporation,https://www.onsemi.com/PowerSolutions/parametrics.do?id=586
Nvidia Corporation,https://www.nvidia.com/object/about-nvidia.html
Nvidia Corporation,https://www.nvidia.com/en-us/account/edit-profile
Nvidia Corporation,https://www.nvidia.com/en-us/self-driving-cars/partners
Nvidia Corporation,http://www.nvidia.com/object/nvidia-partner-network.html
Nordic Technologies,http://nordic-technologies.com/partners/
THE BOARD INSTITUTE,https://theboardinstitute.com/partners/
Siluria Technologies,http://siluria.com/Commercial_Applications/Our_Partners
Nissan North America,https://www.nissanusa.com/about/investor-relations.html
Nissan North America,https://www.nissanusa.com/experience-nissan/partnerships.html
Osram Sylvania Inc.,https://www.sylvania.com/en-us/about/Pages/Default.aspx
