Rohm and Haas Company,dow.com/en-us
Dow Technology Investments LLC,dow.com/en-us
Dow Global Technologies Inc.,dow.com/en-us
Dow Corning Corporation,dow.com/en-us/dow-corning-integration
Nalco Company,ecolab.com/nalco-water
Evoqua Water Technologies LLC,evoqua.com/
Texas Instruments Deutschland GmbH,http://www.ti.com/
Infineon Technologies AG,infineon.com/
Intel Corporation,intel.com/content/us/en/homepage.html
Kemira OY,kemira.com/
Novellus Systems,lamresearch.com/
Lam Research Corporation,lamresearch.com/
Los Alamos National Security,lansllc.com/
