firm name,link,acquired_merged,public
Avalanche Technology,http://www.avalanche-technology.com/,0,0
Avantor Performance Materials,https://www.avantorinc.com/,0,0
Avello Bioenery,http://www.avellobioenergy.com/en/news_press/,0,0
Avertech,http://www.avertech.com.sg/,0,0
Avon Products,https://www.avon.com/,0,0
AxioMx,https://www.youtube.com/channel/UCj_OY9ifDDW0oOvoorpsB8Q,0,0
BHA Technologies,https://www.bloomberg.com/research/stocks/private/snapshot.asp?privcapId=4663034,0,0
BIND Therapeutics,https://www.pfizer.com/sites/default/files/partnering/recent_partnership/BIND-winning-bid-release-072616-FINAL.pdf,0,0
BOE Technology Group Co.,https://www.bloomberg.com/quote/000725:CH,0,0
Babcock Power Services,https://www.babcockpower.com/,0,0
Battelle Energy Alliance,https://www.battelle.org/laboratory-management,0,0
Bechtel Hydrocarbon Technology Solutions,https://www.bechtel.com/services/oil-gas-chemicals/bhts/,0,0
Becton,http://www.bd.com/,0,0
Beijing BOE Display Technology Co.,https://www.bloomberg.com/research/stocks/private/snapshot.asp?privcapId=109221912,0,0
Bemis Company,http://www.bemis.com/,0,0
Bend Research,https://www.capsugel.com/locations/bend-oregon-usa,0,0
Bestway,http://www.bestwaycorp.us/,0,0
Big Belly Solar,http://bigbelly.com/,0,0
Bio-Rad Laboratories,http://www.bio-rad.com/,0,0
BioNano Genomics,https://bionanogenomics.com/,0,0
Biocare Medical,https://biocare.net/,0,0
Biogenic Reagents Ventures,https://www.biogenicreagents.com/,0,0
Biological Dynamics,https://biologicaldynamics.com/,0,0
Biosphere Medical,https://www.merit.com/interventional-oncology-spine/embolotherapy/,0,0
Biotechnology Foundation,https://biotechfoundation.org/,0,0
Biozoom Technologies,https://www.bloomberg.com/research/stocks/private/people.asp?privcapId=244158618,0,0
Bird-B-Gone,https://www.birdbgone.com/,0,0
Bisco,https://www.biscoind.com/,0,0
Blue Sea Systems,https://www.bluesea.com/,0,0
Bostik,https://www.bostik.com/,0,0
Boston Scientific Scimed,https://www.bostonscientific.com/en-US/Home.html,0,0
Braun Intertec Geothermal,https://braunintertec.com/,0,0
Bridgelux,https://www.bridgelux.com/,0,0
Brightfield Transportation Solutions,http://brightfieldts.com/,0,0
Bruin Biometrics,http://bruinbiometrics.com/us/about-us,0,0
Buckman Laboratories International,https://www.buckman.com/,0,0
Building Envelope Innovations,http://wet-flash.com/,0,0
CA,http://www.calottery.com/,0,0
CAPAT,https://www.cpp.ne.jp/,0,0
CELLTRION,http://www.celltrion.com/en/main.do,0,0
CI4 Technologies,http://www.ci4.us/,0,0
CMC ICOS BIOLOGICS,http://www.agcbio.com/,0,0
CP Kelco U.S.,https://www.cpkelco.com/,0,0
CPT IP Holdings,https://www.bloomberg.com/research/stocks/private/snapshot.asp?privcapId=257097,0,0
CUMMINS FILTRATION IP,https://www.cumminsfiltration.com/,0,0
CYBERCITY 3D,http://www.cybercity3d.com/#!,0,0
CYKL Technology,https://www.bizapedia.com/fl/cykl-technology-inc.html,0,0
Cadence Design Systems,https://www.cadence.com/,0,0
Calient Technologies,https://www.calient.net/,0,0
California Industrial Facilities Resources,https://www.bloomberg.com/research/stocks/private/snapshot.asp?privcapid=52209147,0,0
Calysta,http://calysta.com/,0,0
Cambridge Electronics,https://www.cambridgeelectronics.com/,0,0
Canon Nanotechnologies,http://cnt.canon.com/,0,0
Canon U.S. Life Sciences,https://www.canon-biomedical.com/online/portal/vp7,0,0
Canon,http://www.usa.canon.com/,0,0
Carbon3D,https://www.carbon3d.com/,0,0
Cardiac Pacemakers,http://www.heart.org/HEARTORG/Conditions/Arrhythmia/PreventionTreatmentofArrhythmia/Pacemaker_UCM_448480_Article.jsp,0,0
Cardiva Medical,https://www.cardivamedical.com/,0,0
Carestream Health,https://www.carestream.com/en/us,0,0
Caribou Biosciences,https://cariboubio.com/,0,0
Carver Scientific,http://www.carversci.com/,0,0
Casio Computer Co.,https://world.casio.com/,0,0
Cavium,https://cavium.com/,0,0
CellPrint IP Holding,https://cellprintbiotechnology.com/,0,0
Cellular Research,https://www.cellularresearchinstitute.com/,0,0
Ceramatec,https://www.ceramtec.com/,0,0
Cheil Industries,https://www.bloomberg.com/research/stocks/private/snapshot.asp?privcapId=879759,0,0
Chemtreat,http://www.chemtreat.com/,0,0
Christie Digital Systems,https://www.christiedigital.com/en-us/,0,0
Chromalox,http://www.chromalox.com/,0,0
Cisco Technology,https://www.cisco.com/,0,0
Claret Medical,https://www.claretmedical.com/,0,0
Clean Energy Labs,http://cleanenergylabs.com/,0,0
Clearside Biomedical,http://www.clearsidebio.com/,0,0
Codexis,https://www.codexis.com/,0,0
Coleman Cable,https://www.coleman.com/,0,0
Combined Energies,http://combined-energies.com/,0,0
Complete Genomics,http://www.completegenomics.com/,0,0
Component Re-Engineering Company,https://www.bloomberg.com/research/stocks/private/snapshot.asp?privcapId=266418241,0,0
Conexant Systems,https://www.synaptics.com/,0,0
Confluence Energy,http://www.confluenceenergy.com/,0,0
Continental Manufacturing,http://www.continentalcommercialproducts.com/,0,0
Cool Planet Energy Systems,https://www.coolplanet.com/,0,0
Copernicus Therapeutics,http://cgsys.com/,0,0
Coriant Advanced Technology,https://www.coriant.com/,0,0
Cornell Research Foundation,http://www.cornell.edu/research/,0,0
Courtagen Life Sciences,https://www.bloomberg.com/research/stocks/private/snapshot.asp?privcapId=12296928,0,0
Cree,https://www.cree.com/,0,0
Crepaco,http://www.spxflow.com/en/apv/,0,0
Cross Match Technologies,https://www.crossmatch.com/,0,0
Crossbar,https://www.crossbar-inc.com/en/,0,0
Cura Vac,http://www.curavac.com/,0,0
Cyberonics,http://www.cyberonics.com/,0,0
CyboEnergy,http://www.cyboenergy.com/,0,0
DCG SYSTEMS,https://www.fei.com/products/electrical-failure-analysis/,0,0
DHPC TECHNOLOGIES,http://www.dhpctech.com/,0,0
DNA Twopointo,https://www.atum.bio/,0,0
DNA2.0,https://www.atum.bio/,0,0
DPD,https://www.dpd.com/tracking,0,0
DRS Network & Imaging Systems,http://leonardodrs.com/,0,0
Da Yu Enterprises,http://dayuenterprises.com/,0,0
Daikin Industries,http://www.daikin.com/,0,0
Dana-Farber Cancer Institute,https://www.dana-farber.org/,0,0
Daylight Solutions,https://www.daylightsolutions.com/,0,0
DePuy Synthes Products,https://www.depuysynthes.com/,0,0
Deep Science,http://deepscience.ai/,0,0
Deep Well Power,https://www.grainger.com/category/submersible-well-pumps/well-pumps/pumps/ecatalog/N-hvm,0,0
Delphi Technologies,https://www.delphi.com/new-delphi-technologies,0,0
Delta Electronics,http://www.deltaww.com/,0,0
Dentsply International,https://corporate.dentsplysirona.com/en.html,0,0
Dermazone Solutions,http://dermazone.com/,0,0
Diamicron,https://www.drugs.com/uk/diamicron-60-mg-mr-tablets-leaflet.html,0,0
Diamond Innovations,https://www.hyperionmt.com/,0,0
Digital Wind Systems,https://www.ge.com/renewableenergy/wind-energy/technology/digital-wind-farm,0,0
Disney Enterprises,https://www.thewaltdisneycompany.com/,0,0
Dogwood Pharmaceuticals,https://www.bloomberg.com/research/stocks/private/snapshot.asp?privcapId=311801193,0,0
Domtar Paper Company,https://www.domtar.com/en,0,0
Dongbu Hitek Co.,https://yourfab.dbhitek.com/src/login/login_v3.asp,0,0
Dynamic Solutions Worldwide,https://dynatrap.com/,0,0
ENERGY ENGINEERING SYSTEMS,https://www.payscale.com/research/US/Job=Energy_Engineer/Salary,0,0
ENI Technology,https://www.eni.com/en_IT/innovation.page,0,0
ESCAPE THERAPEUTICS,http://escapetherapeutics.com/,0,0
Easel Biotechnologies,http://www.easelbio.com/,0,0
Echogen Power Systems,https://www.echogen.com/,0,0
Ecovative Design,https://www.ecovativedesign.com/,0,0
Egenera,https://www.egenera.com/,0,0
Eisai Co.,https://www.eisai.com/index.html,0,0
Elcriton,https://www.linkedin.com/company/elcriton-inc.,0,0
ElectraTherm,https://electratherm.com/,0,0
Electrix,https://www.electrixillumination.com/,0,0
Electronic Warfare Associates,http://ewa.com/,0,0
Element One,http://elementonescreens.com/,0,0
Elenion Technologies,https://elenion.com/,0,0
Energen,http://www.energen.com/,0,0
Energysolutions,http://www.energysolutions.com/,0,0
Enginuity Worldwide,http://enginuityww.webstarts.com/,0,0
Englewood Lab,http://englewoodlab.com/,0,0
Ensyn Renewables,http://www.ensyn.com/,0,0
Entech Solar,http://entechsolutions.us/,0,0
Entegris,https://entegris.com/,0,0
Envision Solar International,http://www.envisionsolar.com/,0,0
Epizyme,http://www.epizyme.com/,0,0
Esolar,http://esolar.solar/,0,0
Ethicon Endo-Surgery,https://www.ethicon.com/,0,0
Ethox Chemicals,http://blog.ethox.com/,0,0
Everspin Technologies,http://www.everspin.com/,0,0
Evri,https://finance.yahoo.com/quote/EVRI,0,0
Express Imaging Systems,https://www.eiscallcenter.com/,0,0
Extech/Exterior Technologies,https://extechinc.com/,0,0
FHT,https://medical-dictionary.thefreedictionary.com/FHT,0,0
FLIR Systems,https://www.flir.com/,0,0
FUJIFILM Dimatix,http://www.fujifilmusa.com/products/industrial_inkjet_printheads/index.html,0,0
FULL CIRCLE BIOCHAR,http://fullcirclebiochar.com/,0,0
Facebook,https://newsroom.fb.com/,0,0
Faurecia Interior Systems,http://www.faurecia.com/en,0,0
Fenwal,https://kidde-fenwal.com/Public/Fenwalcontrols,0,0
Fezza Family Properties,https://www.bizapedia.com/fl/fezza-family-properties-llc.html,0,0
Fina Technology,http://www.finatg.com/,0,0
First Solar,http://www.firstsolar.com/,0,0
Flextronics AP,https://flex.com/,0,0
Ford Global Technologies,https://www.bloomberg.com/research/stocks/private/snapshot.asp?privcapId=34040484,0,0
Forest Concepts,http://www.forestconcepts.com/,0,0
Foret Plasma Labs,http://www.plasmawhirl.com/,0,0
Formula Plastics,http://formulaplastics.com/,0,0
Freescale Semiconductor,https://www.nxp.com/,0,0
Fuji Electric Co.,https://www.fujielectric.com/,0,0
Fuji Xerox Co.,https://www.fujixerox.com/eng,0,0
Furukawa Electric Co.,https://www.furukawa.co.jp/en/,0,0
FutureWei Technologies,https://www.huawei.com/us/,0,0
GE Healthcare Dharmacon,https://dharmacon.horizondiscovery.com/,0,0
GED Intergrated Solution,http://www.gedusa.com/,0,0
GEOTHERMAL ENERGY PROJECT,https://www.edenproject.com/eden-story/behind-the-scenes/eden-deep-geothermal-energy-project,0,0
GM Global Technology Operations,https://www.bloomberg.com/profiles/companies/0132698D:US-gm-global-technology-operations-llc,0,0
GOJO Industries,http://gojo.com/,0,0
GOSOLARLIFE,http://www.gosolarlife.com/,0,0
GR Intellectual Reserve,https://www.corporationwiki.com/p/2boabz/gr-intellectual-reserve-llc,0,0
GROW ENERGY,http://www.growenergy.org/,0,0
GTherm,http://gtherm.net/,0,0
Galectin Therapeutics,http://galectintherapeutics.com/,0,0
GangaGen,http://gangagen.com/,0,0
Gardner-Gibson,https://gardner-gibson.com/,0,0
Garland Industries,https://www.garlandco.com/,0,0
Gemex Systems,https://gemex.com/,0,0
Genentech,http://www.gene.com/,0,0
Genia Technologies,https://www.roche.com/media/releases/med-cor-2014-06-02.htm,0,0
Genisphere,https://genisphere.com/,0,0
Genomatica,https://www.genomatica.com/,0,0
Genomic Health,http://www.genomichealth.com/,0,0
GeoSynFuels,https://www.linkedin.com/company/geosynfuels,0,0
George Mason Research Foundation,https://www2.gmu.edu/research,0,0
Gilead Biologics,http://www.gilead.com/about/worldwide-operations/north-america/united-states/oceanside-ca,0,0
Gilead Connecticut,http://gileadcs.org/,0,0
Gilead Sciences,http://www.gilead.com/,0,0
GlassPoint Solar,https://www.glasspoint.com/careers/,0,0
GlaxoSmithKline Biologicals,https://www.gsk.com/,0,0
Global Solar Water Power Systems,http://gswps.com/,0,0
Globus Medical,http://www.globusmedical.com/,0,0
Gracenote,http://www.gracenote.com/,0,0
Gram Power,https://www.grampower.com/,0,0
Graphene Technologies,http://graphenetechnologies.com/,0,0
Great American Duck Races,https://www.demingduckrace.com/,0,0
Green Box Batteries,https://biggreenbox.com/,0,0
Green Solar Transportation,http://greensolartransport.com/,0,0
Greyrock Energy,http://www.greyrock.com/,0,0
Guardian Industries,https://www.guardian.com/en/index.html,0,0
HARMAN INTERNATIONAL INDUSTRIES,http://www.harman.com/,0,0
HIQ SOLAR,http://www.hiqsolar.com/,0,0
HM3 Energy,http://hm3energy.com/,0,0
HNO Greenfuels,http://www.hnogreenfuels.com/,0,0
HRL Laboratories,http://www.hrl.com/,0,0
HTS,https://acronyms.thefreedictionary.com/HTS,0,0
Haier US Appliance Solutions,https://www.bloomberg.com/research/stocks/private/snapshot.asp?privcapId=4102985,0,0
Halliburton Energy Services,http://www.halliburton.com/en-US/default.page,0,0
Handstand Innovations,http://messagewrap.com/,0,0
Handylab,http://www.annarbor.com/business-review/ann-arbors-handylab-acquired-by-medical-technology-company/,0,0
Headway Technologies,http://headway.com/,0,0
Heliae Development,https://heliae.com/,0,0
Hewlett-Packard Development Company,https://www8.hp.com/us/en/home.html,0,0
Hitachi Metals,https://www.hitachimetals.com/,0,0
Hitachi,http://www.hitachi.com/,0,0
Hollywood Trucks,http://www.hollywoodtrucksllc.com/,0,0
Hon Hai Precision Industry Co.,http://www.foxconn.com/,0,0
Honda Motor Co.,https://www.honda.com/,0,0
IBC Pharmaceuticals,https://www.immunomedics.com/ibc-pharmaceuticals.shtml,0,0
IDEA TREE,https://www.ideatreepromos.com/,0,0
III HOLDINGS 1,http://www.patentbuddy.com/Company/Profile/III-HOLDINGS-1-LLC/5297939,0,0
IMRA America,https://www.imra.com/,0,0
INTEVAC,https://www.intevac.com/,0,0
ITN Energy Systems,http://itnes.com/,0,0
Ibis Biosciences,https://www.fiercebiotech.com/biotech/abbott-completes-acquisition-of-ibis-biosciences-a-subsidiary-of-isis,0,0
Ignis Innovation,http://www.ignisinnovation.com/,0,0
Illinois Tool Works,http://www.itw.com/,0,0
Immunolight,http://www.immunolight.com/,0,0
Immunopath Profile,https://www.corporationwiki.com/Florida/Naples/immunopath-profile-llc/101245995.aspx,0,0
InVisage Technologies,https://techcrunch.com/2017/11/09/apple-has-acquired-imaging-sensor-startup-invisage-technologies/,0,0
Inaeris Technologies,http://www.inaeristech.com/,0,0
Industrial Origami,https://www.bloomberg.com/research/stocks/private/snapshot.asp?privcapId=30613219,0,0
Industrial Science & Technology Network,http://www.istninc.com/home.htm,0,0
Industrial Solar Heating Systems,http://www.heliocol.com/heliocol-is/industrial,0,0
Innovalight,https://www.greentechmedia.com/articles/read/Innovalight-Successful-Solar-Startup-Troubling-Exit,0,0
Innovation Hammer,http://www.ihammerllc.com/,0,0
Inphenix,http://www.inphenix.com/,0,0
Integrated DNA Technologies,http://www.idtdna.com/,0,0
Integrated Device Technology,https://www.idt.com/,0,0
Integrated Nano-Technologies,http://www.intpalladium.com/,0,0
Integrated Solar Technology,http://www.suntegrasolar.com/,0,0
Interez,https://www.interez.sk/,0,0
Interface Performance Materials,http://www.interfacematerials.com/products/,0,0
Intermolecular,https://intermolecular.com/,0,0
Intrexon CEU,http://www.freepatentsonline.com/9454640.html,0,0
Intuitive Surgical Operations,https://www.intuitive.com/,0,0
Inventus Holdings,http://www.inventusholdings.com/,0,0
Ion Power Group,https://ionpowergroup.com/,0,0
Isis Pharmaceuticals,http://www.ionispharma.com/,0,0
J. E. WHITE,http://www.lawyers.com/charleston/west-virginia/j-e-white-jr-1781725-a/,0,0
Janssen Biotech,http://www.janssen.com/,0,0
Johnson & Johnson Consumer Companies,https://www.jnj.com/healthcare-products/consumer,0,0
Johnson & Johnson Vision Care,https://www.jjvision.com/,0,0
Joule Unlimited Technologies,https://www.linkedin.com/company/joule-unlimited-technologies-inc-,1,0
K.S. INTERNATIONAL CO.,http://ksinternational.co/,0,0
KAI Pharmaceuticals,https://www.bloomberg.com/research/stocks/private/snapshot.asp?privcapid=7687675,0,0
KOLO TECHNOLOGIES,http://www.kolomedical.com/,0,0
KOLON INDUSTRIES,http://www.kolonindustries.com/eng/main.asp,0,0
KR Design House,http://www.krdesignhouse.com/,0,0
Kala Pharmaceuticals,https://kalarx.com/,0,0
Kamtec,http://www.kamtec.co.uk/,0,0
Kansai Paint Co.,https://www.kansai.com/,0,0
Kashiv Pharma,https://www.kashivpharma.com/,0,0
Kinestral Technologies,https://www.kinestral.com/,0,0
Kiverdi,http://www.kiverdi.com/,0,0
Kobe Steel,http://www.kobelco.co.jp/english/,0,0
Koch Biological Solutions,http://www.kochbiologicalsolutions.com/,0,0
Korea Kumho Petrochemical Co.,http://kumhopetrochemical.lookchem.com/,0,0
Kulite Semiconductor Products,https://www.kulite.com/,0,0
LAVA ENERGY SYSTEMS,https://www.dandb.com/businessdirectory/lavaenergysystems-ogden-ut-29779391.html,0,0
LG Bionano,https://www.sgpbusiness.com/company/Lg-Bionano-Pte-Ltd,0,0
LG Display Co.,http://www.lgdisplay.com/eng/main,0,0
LG NANOH2O,http://www.lgwatersolutions.com/en/main,0,0
LIQUID X PRINTED METALS,http://www.liquid-x.com/,0,0
LUCERA LABS,https://www.luceralabs.com/,0,0
Lake Lite,https://www.lakelite.com/,0,0
Landauer,https://www.landauer.com/,0,0
Laserline Mfg.,https://laserlinemfg.com/,0,0
Lawrence Livermore National Security,https://www.llnsllc.com/,0,0
Leap Frogg,http://www.leapfrog.com/en-us/home,0,0
Lehigh Technologies,http://lehightechnologies.com/,0,0
Lion Copolymer Geismar,http://www.lionelastomers.com/,0,0
Liquidia Technologies,http://liquidia.com/,0,0
Little Kids,http://www.littlekidsinc.com/,0,0
Livetv,http://livetv.sx/enx/,0,0
Locus Energy,https://www.locusenergy.com/,0,0
Longhorn Vaccines and Diagnostics,https://www.lhnvd.com/primemix,0,0
Los Alamos National Security,http://www.lansllc.com/,0,0
Lumenco,https://en.lumenco.ca/,0,0
Lux Bio Group,http://luxbiogroup.com/,0,0
Lyotropic Therapeutics,https://bciq.biocentury.com/companies/lyotropic_therapeutics_inc,0,0
MANUFACTURING RESOURCES INTERNATIONAL,https://mri-inc.net/,0,0
MAXLINEAR,http://www.maxlinear.com/,0,0
MBC Ventures,http://www.mbc.net/en/corporate/ventures/about,0,0
MCI,http://www.flykci.com/,0,0
MEDport,http://www.medportohio.com/,0,0
MICROMIDAS,http://www.plasticsnews.com/article/20130607/NEWS/130609934/micromidas-tackling-bio-based-pet,0,0
MICROSOFT TECHNOLOGY LICENSING,https://www.microsoft.com/en-us/legal/intellectualproperty/mtl/default.aspx,0,0
MIETAMARK GENETICS,http://metamarkgenetics.com/,0,0
MONTEREY RESEARCH,https://www.mbari.org/,0,0
Ma-West,https://www.imdb.com/name/nm0922213/,0,0
Macronix International Co.,http://www.macronix.com/en-us/Pages/default.aspx,0,0
Magnachip Semiconductor,http://www.magnachip.com/,0,0
Magnolia Optical Technologies,http://magnoliaoptical.com/,0,0
Magnolia Solar,http://magnoliasolar.com/,0,0
Magnolia Solar,http://magnoliasolar.com/,0,0
Mallinckrodt,https://mallinckrodt.wd5.myworkdayjobs.com/en-US/MallinckrodtCareers/,0,0
Manta Instruments,http://www.mantainc.com/,0,0
Marine Polymer Technologies,http://marinepolymer.com/,0,0
Masimo Semiconductor,http://masimosemiconductor.com/masimo-semiconductor/,0,0
Materia,http://www.materia-inc.com/,0,0
Matrix Genetics,https://www.bloomberg.com/research/stocks/private/snapshot.asp?privcapId=128234419,0,0
Matrix Odyssey,https://www.youtube.com/user/OdysseyMatrix,0,0
Mattson Technology,http://www.mattson.com/,0,0
Maxout Renewables,http://www.maxoutrenewables.com/,0,0
McAlister Technologies,https://mcallister.com/,0,0
McElroy Manufacturing,http://www.mcelroy.com/,0,0
Medical Diagnostic Laboratories,http://www.mdlab.com/,0,0
Medtronic Vascular,http://www.medtronic.com/us-en/healthcare-professionals/products/cardiovascular.html,0,0
Meso Scale Technologies,https://www.mesoscale.com/,0,0
Metabolix,https://www.yield10bio.com/,0,0
Meyer Tool,https://www.meyertool.com/,0,0
Micro Cooling Concepts,http://microcoolingconcepts.com/,0,0
MicroContinuum,http://microcontinuum.com/,0,0
MicroLink Devices,http://mldevices.com/,0,0
Microchips Biotech,http://www.microchipsbiotech.com/,0,0
Micron Technology,https://www.micron.com/,0,0
Microsurge,https://www.talcusa.com/microsurge/,0,0
Midori USA,https://www.midorihealth.com/,0,0
Midrex Technologies,https://www.midrex.com/,0,0
Minebea Co.,http://www.minebeamitsumi.com/english/,0,0
MirTech,http://www.mirtechusa.com/,0,0
Mission Product Holdings,https://www.mission.com/,0,0
Mitsubishi Polyester Film,https://www.m-petfilm.com/,0,0
Molecular Imprints,https://news.utexas.edu/2014/02/17/molecular-imprints-acquired-by-canon,0,0
Molecular Rebar Design,http://www.molecularrebar.com/,0,0
MonoSol,https://www.monosol.com/,0,0
Morpho,https://www.morpho.com/,0,0
Moxtek,http://moxtek.com/,0,0
Mumetel,http://www.mumetel.com/index.html,0,0
Murata Manufacturing Co.,https://www.murata.com/,0,0
NANO CELL SYSTEMS,https://www.saltpoolguys.com/autopilot-pool-pilot-parts-cells/,0,0
NANOPHTHALMICS,http://medical-dictionary.thefreedictionary.com/nanophthalmos,0,0
NCC Nano,https://www.novacentrix.com/,0,0
NGK Spark Plug Co.,https://www.ngksparkplugs.com/,0,0
NLT TECHNOLOGIES,https://www.tianma.co.jp/en/,0,0
NXP USA,https://www.nxp.com/,0,0
NanoLab,https://nanolab.berkeley.edu/,0,0
NanoMech,http://www.nanomech.com/,0,0
NanoOncology,https://www.iinano.org/nanooncology,0,0
NanoTech Lubricants,http://nanotechlubricantsinc.com/Home.html,0,0
Nanoco Technologies,http://www.nanocotechnologies.com/,0,0
Nanocopocia,https://nanocopoeia.com/,0,0
Nanoholdings,https://www.nh2.com/,0,0
Nanomix,http://www.nano.com/,0,0
Nanoquantum Sciences,http://nanoquantum.com/,0,0
Nanoridge Materials,http://nanoridge.com/,0,0
Nanospectra Biosciences,https://www.nanospectra.com/,0,0
Nanosys,http://www.nanosysinc.com/,0,0
Nanotech Biomachines,http://www.nanotechbio.com/,0,0
Nanotek Instruments,http://nanotekinstruments.com/,0,0
Nant Holdings IP,https://www.corporationwiki.com/California/Los-Angeles/nant-holdings-ip-llc/47150767.aspx,0,0
Nantero,http://nantero.com/,0,0
Narsys,https://www.ncsbn.org/license-verification.htm,0,0
Nationwide Children's Hospital,https://www.nationwidechildrens.org/,0,0
NetApp,https://www.netapp.com/us/index.aspx,0,0
NeuMoDx Molecular,http://www.neumodx.com/,0,0
Neumedicines,http://www.neumedicines.com/,0,0
Neural Signals,http://www.neuralsignals.com/,0,0
Neutronic Perpetual Innovations,https://www.linkedin.com/company/neutronic-perpetual-innovations,0,0
New England Biolabs,https://www.neb.com/,0,0
New Technology Ventures,https://www.newtechvc.com/,0,0
Newlans,http://www.newlans.com/,0,0
Nexcom Technology,http://www.nexcom.com/Support/ComputerOnModule/com-technology,0,0
Nippon Shokubai Co.,https://www.shokubai.co.jp/en/,0,0
Nissan Motor Co.,https://www.nissan-global.com/EN/,0,0
Nissan North America,https://www.nissanusa.com/,0,0
Nokomis,http://www.nokomis.k12.il.us/,0,0
Nordic Technologies,http://nordic-technologies.com/,0,0
Northwest Biotherapeutics,https://www.nwbio.com/,0,0
Nova Technologies,https://www.novatechnologies.com/,0,0
NovaSolix,http://www.novasolix.com/,0,0
Novellus Systems,https://www.lamresearch.com/,0,0
Novon,http://www.novon.com/,0,0
Novozymes North America,https://www.novozymes.com/en,0,0
Novus Technology,https://www.novustek.net/,0,0
NuOrtho Surgical,http://nuortho.com/,0,0
OAS Design Group,http://oasdesigngroup.com/,0,0
OFS Fitel,https://www.ofsoptics.com/,0,0
OPTERRA ENERGY SERVICES,https://engieservices.us/,0,0
OSI Optoelectronics,http://www.osioptoelectronics.com/,0,0
OTSUKA PHARMACEUTICAL CO.,https://www.otsuka.co.jp/en/,0,0
Oceanit Laboratories,https://www.oceanit.com/,0,0
Oculus VR,https://www.oculus.com/,0,0
Ojai Retinal Technology,https://www.bizapedia.com/ca/ojai-retinal-technology-llc.html,0,0
OmniVision Technologies,https://www.ovt.com/,0,0
Opel Solar,http://opalsolar.com.au/,0,0
OrbusNeich Medical,https://www.orbusneich.com/,0,0
Ormet Circuits,https://www.emdgroup.com/en/expertise/semiconductors.html,0,0
Ortho-Clinical Diagnostics,https://www.orthoclinicaldiagnostics.com/,0,0
Ostendo Technologies,http://ostendo.com/,0,0
Ovonic Battery Company,https://www.bloomberg.com/research/stocks/private/snapshot.asp?privcapId=1910626,0,0
PAX Scientific,http://paxscientific.com/,0,0
PDF Solutions,http://www.freepdfsolutions.com/,0,0
PELLION TECHNOLOGIES,http://www.pelliontech.com/,0,0
PLYCEM USA,https://allurausa.com/,0,0
PNM,https://www.pnm.com/,0,0
POET Research,https://www.poet.com/scotland,0,0
POSiFA MICROSYSTEMS,https://posifamicrosystems.com/,0,0
PPG Industries Ohio,http://corporate.ppg.com/Home.aspx,0,0
PTC Therapeutics,https://www.ptcbio.com/,0,0
Pacific Biosciences of California,https://www.pacb.com/,0,0
Pacific Light Technologies,http://www.pacificlighttech.com/,0,0
Panasonic Intellectual Property Management Co.,https://www.valuenex.net/panasonic-ip-management,0,0
Paratek Pharmaceuticals,https://paratekpharma.com/,0,0
Pardev,https://www.youtube.com/user/paradev,0,0
Parion Sciences,http://www.parion.com/,0,0
Pendar Technologies,http://www.pendar.com/,0,0
Pentron Clinical Technologies,https://www.pentron.com/,0,0
Performance Plants,http://www.performanceplants.com/,0,0
Perkinelmer Holdings,http://www.perkinelmer.com/,0,0
PetraSolar,http://www.petrasystems.com/,0,0
Peytant Solutions,http://www.peytant.com/,0,0
Pharmatrophix,http://www.pharmatrophix.com/,0,0
Phoseon Technology,https://www.phoseon.com/,0,0
Photon Dynamics,https://www.orbotech.com/,0,0
Piksel,https://piksel.com/,0,0
Pinnacle Technology,https://pinnaclet.com/,0,0
Pioneer Energy,http://www.mypioneerenergy.com/,0,0
Pioneer Hi-Bred International,http://www.dupont.com/corporate-functions/our-company/businesses/pioneer.html,0,0
Pioneer Hi-Bred,http://www.dupont.com/corporate-functions/our-company/businesses/pioneer.html,0,0
Pixelligent Technologies,https://www.pixelligent.com/,0,0
Planet ATE,http://www.sycr.com/Intersil-Inc-Acquires-Planet-ATE-Inc-for-46-Million/,0,0
Plant Sensory Systems,https://www.plantsensorysystems.com/,0,0
Plasma Tech Holdings,http://www.patentbuddy.com/Company/Profile/PLASMA-TECH-HOLDINGS-LLC/20119652,0,0
Plasma-Therm,http://www.plasmatherm.com/,0,0
PluroGen Therapeutics,http://plurogen.com/,0,0
Poly-Med,http://poly-med.com/,0,0
PortaFire,http://www.port-a-fire.ca/,0,0
Power Integrations,https://www.power.com/,0,0
Praxair S.T. Technology,http://www.praxairsurfacetechnologies.com/,0,0
Praxair Technology,http://www.praxair.com/,0,0
Precision Custom Coatings,https://www.bloomberg.com/research/stocks/private/snapshot.asp?privcapid=33198,0,0
Previvo Genetics,http://previvo.com/,0,0
Princeton Optronics,https://ams.com/applications,0,0
ProNAi Therapeutics,https://www.sierraoncology.com/,0,0
Production Resource Group,https://www.prg.com/,0,0
Professional Compounding Centers of America,http://www.pccarx.com/,0,0
Propagation Research Associates,http://pra-corp.com/,0,0
Prosoft International,http://www.prosoft-technology.com/,0,0
Proton Power,http://www.protonpower.com/,0,0
Pulse Therapeutics,https://www.pulsetherapeutics.com/,0,0
QD Vision,https://www.displaysupplychain.com/blog/-samsung-buys-qd-visions-ip-for-70m-and-the-future-of-quantum-dots,0,0
QUALCOMM MEMS Technologies,https://www.qualcomm.com/,0,0
QUSWAMI,https://www.corporationwiki.com/California/San-Francisco/quswami-inc/45003614.aspx,0,0
Quantapore,https://quantapore.com/,0,0
Quantum Devices,http://www.quantumdev.com/,0,0
R.A. Miller Industries,https://www.rami.com/,0,0
R.P. Scherer Technologies,https://www.corporationwiki.com/p/2ckblj/rp-scherer-technologies-llc,0,0
RADIANCE SOLAR,https://radiancesolar.com/,0,0
RES USA,https://www.res-usa.com/,0,0
RF Micro Devices,https://www.qorvo.com/,0,0
Rapamycin Holdings,https://rapamycinholdings.com/,0,0
Rebellion Photonics,https://rebellionphotonics.com/,0,0
Red Hat,https://www.redhat.com/en,0,0
Redwood Systems,http://redwoodsystemsgroup.com/,0,0
Regeneron Pharmaceuticals,https://www.regeneron.com/,0,0
Relypsa,https://www.relypsa.com/,0,0
Renewable Algal Energy,http://www.rae-energy.com/,0,0
Renewable Power Conversion,http://www.rpcincorporated.com/,0,0
Renmatix,http://renmatix.com/,0,0
Revera,https://www.reveraliving.com/,0,0
Revivicor,http://www.revivicor.com/,0,0
Reynolds Technologies,http://www.reynoldstechnology.biz/,0,0
Richtek Technology Corporation,https://www.richtek.com/,0,0
Rillito Rive Solar,http://www.greenpatentblog.com/wp-content/uploads/2017/02/Rillito-River-Solar-LLC-v.-IronRidge-Incorporated.pdf,0,0
Rio Grande Valley Sugar Growers,https://www.rgvsugar.com/,0,0
Riverbed Technology,https://www.riverbed.com/,0,0
Roche Diabetes Care,https://www.accu-chek.com/,0,0
Rockwell Automation Technologies,https://ab.rockwellautomation.com/lang-selection.html,0,0
Rockwell Collins,https://www.rockwellcollins.com/,0,0
Roho,https://permobilus.com/products/seating-and-positioning-by-roho/,0,0
Rolls-Royce North American Technologies,https://www.rolls-royce.com/country-sites/northamerica.aspx,0,0
Ruse Technologies,http://www.patentbuddy.com/Company/Profile/RUSE-TECHNOLOGIES-LLC/1922673,0,0
S&S X-Ray Products,http://www.ssxray.com/,0,0
S. C. Johnson & Son,https://www.scjohnson.com/,0,0
S.C. Johnson & Son,https://www.scjohnson.com/,0,0
SAMSUNG DISPLAY CO.,https://www.bloomberg.com/research/stocks/private/snapshot.asp?privcapId=183955204,0,0
SB ENERGY,https://www.softbank.jp/en/energy/,0,0
SCHOTTKY LSI,http://www.aaapoe.net/ntu/201401SchottkyLSI/ExecutiveBrief131030gc.pdf,0,0
SD Technologies,http://www.sd-techs.com/,0,0
SDCmaterials,https://www.glassdoor.com/Reviews/SDC-Materials-Reviews-E445967.htm,0,0
SEEK THERMAL,https://www.thermal.com/,0,0
SELMAN AND ASSOCIATES,https://selmanlog.com/,0,0
SK Telecom Co.,https://www.zacks.com/stock/quote/SKM,0,0
SNS NANO FIBER TECHNOLOGY,http://www.snsnano.com/,0,0
SOL-ELECTRICA,http://sol-electrica.com/,0,0
SOLARTONIC,http://www.solartonic.com/,0,0
SOLAZYME,http://solazyme.com/,0,0
SPC International,https://spc-intl.com/,0,0
SPICE SOLAR,http://www.spicesolar.com/,0,0
SRG Global,http://www.srgglobal.com/,0,0
STANDARD ALCOHOL COMPANY OF AMERICA,https://www.standardalcohol.com/#!,0,0
STATS ChipPAC,http://www.statschippac.com/,0,0
SUMITOMO WIRING SYSTEMS,https://www.sws.co.jp/en/,0,0
Saint-Gobain Adfors Canada,http://www.adfors.com/us/,0,0
Saint-Gobain Ceramics & Plastics,https://www.ceramicmaterials.saint-gobain.com/,0,0
Samsung Corning Precision Materials Co.,https://www.bloomberg.com/profiles/companies/SSCORZ:KS-samsung-corning-precision-materials-co-ltd,0,0
Samsung Electro-Mechanics Co.,https://www.samsungsem.com/data/led_spec/indoor/PSDV250701A.pdf,0,0
Samsung Electronics Co.,https://www.samsung.com/us/,0,0
Samsung Electronics,https://www.samsung.com/us/,0,0
Samsung SDI Co.,http://samsungsdi.com/,0,0
Sangamo BioSciences,https://www.sangamo.com/,0,0
Sanken Electric Co.,https://www.sanken-ele.co.jp/en/index.php,0,0
Sanyo Electric Co.,https://www.panasonic.com/global/corporate/profile/group-companies/sanyo.html,0,0
Sarepta Therapeutics,https://www.sarepta.com/,0,0
Schneider Electric Solar Inverters USA,https://solar.schneider-electric.com/,0,0
Schneider Electric USA,https://www.schneider-electric.us/en/,0,0
Scientific Design Company,http://www.scidesign.com/,0,0
SeQual Technologies,http://www.chartindustries.com/Respiratory-Healthcare/transportable-oxygen-concentrators,0,0
Selecta Biosciences,http://selectabio.com/,0,0
Selkermetrics,http://selkermetrics.com/,0,0
Semiconductor Components Industries,https://www.bloomberg.com/research/stocks/private/snapshot.asp?privcapid=3599751,0,0
Semiconductor Energy Laboratory Co.,http://www.sel.co.jp/en/,0,0
Semprius,http://semprius.com/,0,0
Senaya,http://www.senaya.com/,0,0
Senga Advisors,https://www.coengadvisors.com/,0,0
Sensor Electronic Technology,http://s-et.com/,0,0
Sequenom,https://www.sequenom.com/,0,0
ServiceNow,https://www.servicenow.com/,0,0
Sharp Laboratories of America,http://www.sharplabs.com/,0,0
Shenzhen China Star Optoelectronics Technology Co.,https://www.bloomberg.com/research/stocks/private/snapshot.asp?privcapId=223895043,0,0
Shin-Etsu Chemical Co.,http://www.shinetsu.co.jp/en/,0,0
Shoals Technologies Group,https://www.shoals.com/,0,0
Shubin,http://www.pbs.org/your-inner-fish/about/neil-shubin/,0,0
Siemens Energy,https://www.siemens.com/global/en/home/products/energy.html,0,0
Siemens Industry,https://www.siemens.com/us/en/home.html,0,0
Siemens Medical Solutions USA,https://usa.healthcare.siemens.com/,0,0
Sienna Biopharmaceuticals,https://siennabio.com/,0,0
Sienna Labs,https://siennabio.com/,0,0
Sierra Sciences,https://www.sierrasci.com/?p=home,0,0
Sigmatel,https://download.cnet.com/SigmaTel-High-Definition-Audio-CODEC/3000-2110_4-173629.html,1,1
Sila Nanotechnologies,https://silanano.com/,0,0
Silicon Storage Technology,http://sst.com/,0,0
Siliconware Precision Industries Co.,https://www.spil.com.tw/,0,0
Siluria Technologies,http://siluria.com/,0,0
Sima Therapeutics,https://www.siamab.com/,0,0
Simple Approach Systems,https://www.systemcompanies.org/simple-approach-systems-inc,0,0
Sinewatts,https://www.bizjournals.com/charlotte/print-edition/2016/04/22/sinewatts-close-to-commercial-product.html,0,0
Singular Bio,https://www.singularbio.com/,0,0
Singulex,http://www.singulexclarity.eu/,0,0
Sinton Consulting,https://www.sintoninstruments.com/,0,0
Sirnaomics,http://new.sirnaomics.com/,0,0
SixPoint Materials,http://spmaterials.com/,0,0
Skidmore,https://www.skidmore.edu/,0,0
Smart Planet Technologies,https://smartplanettech.com/,0,0
Smith & Nephew,http://www.smith-nephew.com/,0,0
Solan,https://www.salon.com/,0,0
SolarReserve Technology,https://www.solarreserve.com/en/technology,0,0
Solarmer Energy,http://solarmer.com/,0,0
Solexa,https://www.drugs.com/celexa.html,0,0
Solight Solar,http://www.solight.com/,0,0
Solvay Specialty Polymers USA,https://www.solvay.com/en/products/chemical-categories/specialty-polymers,0,0
SonoGene,http://www.hoovers.com/company-information/cs/company-profile.sonogene_llc.e80c37f484dadd29.html,0,0
Sophoro Biotechnologies,https://www.linkedin.com/company/sophoro-biotechnologies-llc,0,0
Soraa Laser Diode,https://soraalaser.com/,0,0
Soraa,https://www.soraa.com/,0,0
St. Jude Medical,http://www.sjm.com/,0,0
Stablcor Technology,http://stablcor.com/,0,0
Stanley Electric Co.,https://www.stanley.co.jp/e/,0,0
Star Technology and Research,http://www.star-tech-inc.com/,0,0
Stratasys,http://www.stratasys.com/,0,0
Strategic Solar Energy,https://powerparasol.com/,0,0
Suganit Systems,http://suganit.com/,0,0
Sumitomo Electric Device Innovations,http://www.sedi.co.jp/?version=en,0,0
Sumitomo Electric Industries,http://global-sei.com/,0,0
Sumitomo Rubber Industries,https://sumitomorubber-usa.com/,0,0
SunEdison,http://www.sunedison.com/,0,0
SunRun,https://www.mysunrun.com/,0,0
Suncore Photovoltaics,http://suncoreus.com/,0,0
Sundrop Fuels,http://www.sundropfuels.com/,0,0
Sustainable Technologies,http://sustech.cc/wordpress/,0,0
Sweetwater Energy,http://sweetwater.us/,0,0
Swift Engineering,https://swiftengineering.com/,0,0
Synaptic Research,https://research.synaptic.co.uk/,0,0
Synopsys,https://www.synopsys.com/,0,0
Synthetic Genomics,https://www.syntheticgenomics.com/,0,0
Synthezyme,https://www.prnewswire.com/news-releases/dsm-enters-into-agreement-with-synthezyme-llc-for-production-of-surfactants-243539671.html,0,0
System Biosciences,https://www.systembio.com/,0,0
T.H.E.M.,http://www.them.net/,0,0
TECHNOLOGY RESEARCH,http://www.trci.net/,0,0
TECNIUM,http://www.tecnium.es/,0,0
THE BOARD INSTITUTE,https://theboardinstitute.com/,0,0
THE SWEET LIVING GROUP,https://www.linkedin.com/company/the-sweet-living-group,0,0
TOMOWAVE LABORATORIES,http://www.tomowave.com/,0,0
TP Solar,https://tpsifurnaces.com/,0,0
TRI ALPHA ENERGY,https://tae.com/,0,0
TT Technologies,http://www.tttechnologies.com/,0,0
Taiwan Semiconductor Manufacturing Company,http://tsmc.com/english/default.htm,0,0
Taiyo Ink Mfg. Co.,http://taiyo-hd.co.jp/en/group/ink/,0,0
Tapwave,https://www.cnet.com/reviews/tapwave-zodiac2-128mb-review/,0,0
Tarveda Therapeutics,http://www.tarveda.com/,0,0
Taxon Biosciences,https://www.bloomberg.com/research/stocks/private/snapshot.asp?privcapId=183417339,0,0
Tekkware,https://www.linkedin.com/company/tekkware-inc-,0,0
Tela Innovations,http://www.tela-inc.com/,0,0
Teledyne Scientific & Imaging,http://www.teledyne-si.com/,0,0
Tensor,http://mathworld.wolfram.com/Tensor.html,0,0
Teradata US,https://www.teradata.com/Contact-Us,0,0
Terra Caloric,https://wellconnectgeo.com/,0,0
TerraVia Holdings,http://terravia.com/,0,0
Tersus Environmental,https://www.tersusenv.com/,0,0
Tesla Nanocoatings,https://www.teslanano.com/,0,0
Tessera Advanced Technologies,https://www.tessera.com/,0,0
Tessera,https://www.tessera.com/,0,0
TetraSun,https://www.greentechmedia.com/articles/read/First-Solar-Discontinues-Its-TetraSun-High-Efficiency-Silicon-Experiment,0,0
Texas Research International,https://tri-intl.com/,0,0
The Carbon Cable Company,https://www.thecableco.com/,0,0
The Charles Stark Draper Laboratory,https://www.draper.com/,0,0
The Henry M. Jackson Foundation for the Advancement of Military Medicine,http://www.hjf.org/,0,0
The Samuel Roberts Noble Foundation,https://www.noble.org/,0,0
TheGreenCell,http://www.thegreencell.com/,0,0
Theraclone Sciences,http://www.theraclone-sciences.com/home.php,0,0
Therapeutic Proteins International,http://adellobio.com/,0,0
Thermo Finnigan,https://www.sisweb.com/ms/finnigan.htm,0,0
Thorlabs Quantum Electronics,https://www.thorlabs.com/,0,0
Thorlabs,https://www.thorlabs.com/,0,0
Tigo Energy,https://www.tigoenergy.com/,0,0
Tokyo Ohka Kogyo Co.,http://www.tok.co.jp/eng/,0,0
Toray Plastics (America),http://www.toraytpa.com/,0,0
Toshiba America Electronic Components,http://toshiba.semicon-storage.com/us/top.html,0,0
Toyota Motor Engineering & Manufacturing North America,https://www.toyota.com/usa/careers/index.html,1,0
Transilwrap Company,https://www.transcendia.com/,0,0
Transitions Optical,https://www.transitions.com/en-us/,0,0
Transposagen Biopharmaceuticals,http://www.transposagenbio.com/,0,0
Travis Industries,http://travisindustries.com/,0,0
Triple Ring Technologies,http://www.tripleringtech.com/,0,0
Truckee Applied Genomics,http://www.patentbuddy.com/Company/Profile/TRUCKEE-APPLIED-GENOMICS-LLC/5617766,0,0
True-Safe Technologies,http://true-safe.com/contactus.html,0,0
Tufts Medical Center,https://www.tuftsmedicalcenter.org/,0,0
Twitter,https://www.microsoft.com/en-us/p/twitter/9wzdncrfj140,0,0
U.S. NUTRACEUTICALS,https://www.transparencymarketresearch.com/us-nutraceuticals-market.html,0,0
UChicago Argonne,http://uchicagoargonnellc.org/,0,0
UT-Battelle,https://www.ut-battelle.org/,0,0
UWM Research Foundation,https://uwmrf.org/,0,0
Ube Industries,http://www.ube-ind.co.jp/ube/en/index.html,0,0
Universal Leaf Tobacco Co.,http://www.universalcorp.com/,0,0
V35A Enterprises,http://www.patentbuddy.com/Company/Profile/V35A-ENTERPRISES-LLC/5470661,0,0
VALTED,https://www.merriam-webster.com/dictionary/vaulted,0,0
VINYLAST,http://palisaderail.com/,0,0
VMware,https://www.vmware.com/,0,0
Vadient Optics,http://vadient.com/,0,0
Valicor,http://valicor.com/,0,0
Varian Semiconductor Equipment Associates,http://www.appliedmaterials.com/company/news/press-releases/2011/11/applied-materials-completes-acquisition-of-varian-semiconductor-equipment-associates,0,0
Vaxiion Therapeutics,http://www.vaxiion.com/,0,0
Ventana Medical Systems,https://diagnostics.roche.com/global/en/products/product-category/anatomical-pathology.html,0,0
Veracode,https://www.veracode.com/,0,0
Veracyte,https://www.veracyte.com/,0,0
Verliant Energy,http://www.verliantenergy.com/,0,0
Vindico NanoBioTechnology,https://www.linkedin.com/company/vindico-nanobiotechnology-inc.,0,0
Virent,http://www.virent.com/,0,0
Voxtel,http://voxtel-inc.com/,0,0
W&Wsens Devices,https://www.wwsensdevices.com/#!,0,0
WAFERTECH,http://www.wafertech.com/en/index.html,0,0
WOVN,https://wovn.io/,0,0
Warsaw Orthopedic,https://orthoworxindiana.com/about-us/,0,0
Wentworth Laboratories,https://www.wentworthlabs.com/,0,0
WestPoint Home,http://www.westpointhome.com/,0,0
Western Digital (Fremont),https://www.yelp.com/biz/western-digital-fremont-2,0,0
Western Digital Technologies,https://www.wdc.com/region-selector/splash-region.html,0,0
WiSys Technology Foundation,https://www.wisys.org/,0,0
Wikipad,http://www.wikipad.com/,0,0
Wine.com,https://www.wine.com/,0,0
Wireless Environment,http://wirelessenv.com/,0,0
Wizard Labs,https://wizardlabs.us/,0,0
Wostec,https://www.westec.org/,0,0
Xyleco,https://www.xyleco.com/,0,0
Yeda Research and Development Co.,http://yedarnd.com/,0,0
Yissum,http://www.yissum.co.il/,0,0
ZENA TECHNOLOGIES,http://xena-technologies.com/,0,0
Ziptronix,https://www.businesswire.com/news/home/20150827005879/en/Tessera-Acquire-Ziptronix-39-Million,0,0
Zyvex Labs,https://www.zyvexlabs.com/,0,0
aTyr Pharma,http://www.atyrpharma.com/,0,0
adaptiveARC,https://www.linkedin.com/company/adaptivearc,0,0
bioTheranostics,http://www.biotheranostics.com/,0,0
eNow,http://www.eonline.com/watch/,0,0
iBio,https://www.ibioinc.com/,0,0
k-Space Associates,https://www.k-space.com/,0,0
kSep Systems,https://www.sartorius.com/sartorius/en/EUR/ksep-systems,0,0
nLIGHT,http://nlight.net/,0,0
nanoComposix,https://nanocomposix.com/,0,0
3M Innovative Properties Company,https://www.bloomberg.com/research/stocks/private/snapshot.asp?privcapId=7960453,0,0
646840 Alberta Ltd.,http://www.freepatentsonline.com/y2014/0094959.html,0,0
AAC Technologies Pte. Ltd.,https://www.bloomberg.com/research/stocks/private/snapshot.asp?privcapId=107802996,0,0
ABB AB,http://www.abb.com/,0,0
ABB Research Ltd.,http://new.abb.com/about/technology/corporate-research-centers/corporate-research-center-switzerland,0,0
ABB Technology Ltd.,https://www.abb.com/,0,0
ABL IP Holding LLC,https://www.bloomberg.com/research/stocks/private/snapshot.asp?privcapId=108897671,0,0
AC International Inc.,http://www.acinter.com/,0,0
ACACIA RESEARCH GROUP LLC,http://acaciaresearch.com/,0,0
ACUCELA INC.,https://www.acucela.com/,0,0
ADASA INC.,http://www.adasainc.com/,0,0
ADVANCED INNOVATION CENTER LLC,http://aicchile.com/en/,0,0
AGFA-GEVAERT N.V.,http://www.agfa.com/,0,0
ALSTOM Technology Ltd,https://www.alstom.com/,0,0
AMERICAN BIO ENERGY CONVERTING CORP.,https://www.georgia-register.com/08012530-american-bio-energy-converting-corp,0,0
APPLIED MATERIALS ISRAEL LTD.,https://www.bloomberg.com/research/stocks/private/snapshot.asp?privcapId=1199016,0,0
ASM IP HOLDING B.V.,http://www.asm.com/,0,0
ASM IP Holdings LLC,https://www.bizapedia.com/oh/asm-ip-holdings-llc.html,0,0
ASML Netherlands B.V.,https://www.asml.com/asml/en/s427,0,0
AT&T Corporation,http://ecorporateoffices.com/ATT-1701,0,0
ATI Technologies ULC,https://www.bloomberg.com/research/stocks/private/snapshot.asp?privcapId=396414,0,0
ATOMERA INCORPORATED,http://atomera.com/,0,0
AZ Electronic Materials (Luxembourg) S.A.R.L.,https://www.bloomberg.com/research/stocks/private/snapshot.asp?privcapId=169497770,0,0
AbbVie Inc.,https://www.abbvie.com/,0,0
Abbott Cardiovascular Systems Inc.,https://www.bloomberg.com/research/stocks/private/snapshot.asp?privcapId=24347,0,0
Abbott Molecular Inc.,https://www.molecular.abbott/,0,0
Abbott Point of Care Inc.,https://www.pointofcare.abbott/,0,0
Access Business Group International LLC,https://www.accessbusinessgroup.com/,0,0
AccuRay Corporation,https://www.accuray.com/,0,0
Acer Incorporated,https://www.acer.com/ac/en/US/content/home,0,0
Achushnet Company,https://www.acushnetholdingscorp.com/home/default.aspx,0,0
Adaptive Biotechnologies Corp.,https://www.adaptivebiotech.com/,0,0
Adeka Corporation,https://www.adeka.co.jp/en/,0,0
Adobe Systems Incorporated,https://www.adobe.com/,0,0
Advanced Aqua Group,http://aadvancedaqua.com/,0,0
Aerosol Dynamics Inc.,https://www.bloomberg.com/profiles/companies/9919019Z:US-aerosol-dynamics-inc,0,0
AgroFresh Inc.,https://www.agrofresh.com/,0,0
Alcatel Lucent,https://www.al-enterprise.com/,0,0
Algenol Biotech LLC,http://algenol.com/,0,0
Alpha and Omega Semiconductor Incorporated,http://aosmd.com/,0,0
Altex Technologies Corporation,http://altextech.com/,0,0
Amberwave Inc.,http://www.amberwave.com/,0,0
American Science and Technology Corporation,http://www.amsnt.com/,0,0
Amgen Fremont Inc.,https://www.bloomberg.com/research/stocks/private/snapshot.asp?privcapId=33538677,0,0
Amgen Inc.,https://www.amgen.com/,0,0
Andritz Inc.,https://www.andritz.com/group-en,0,0
Aneeve LLC,https://www.bloomberg.com/profiles/companies/9931632Z:US-aneeve-llc,0,0
Anelva Corporation,https://www.canon-anelva.co.jp/english/,0,0
Angstron Materials,https://www.theglobalgraphenegroup.com/,0,0
Anlinx,https://www.corporationwiki.com/California/Los-Altos-Hills/anlinx-inc/45012246.aspx,0,0
Antaya Technologies Corporation,https://www.antaya.com/,0,0
Apple Inc.,https://www.apple.com/,0,0
Applied Genetic Technologies Corporation,https://agtc.com/,0,0
Archer Daniels Midland Company,https://www.adm.com/,0,0
Arkema Inc.,https://www.arkema-americas.com/en/,0,0
Arkival Technology Corp.,http://arkival.com/,0,0
Armageddon Energy Inc.,https://www.armageddonenergy.com/,0,0
Asahi Kasei Kabushiki Kaisha,https://www.asahi-kasei.co.jp/asahi/en/,0,0
Atleisure LLC,https://atleisure.com/,0,0
Atomic Energy Council-Institute of Nuclear Energy Research,https://fas.org/nuke/guide/taiwan/agency/iner.htm,0,0
Atotech Deutschland GmbH,https://www.atotech.com/,0,0
Atrium Medical Corporation,http://www.atriummed.com/,0,0
Avago Technologies General IP (Singapore) Pte. Ltd.,https://www.bloomberg.com/profiles/companies/6941761Z:SP-avago-technologies-general-ip-singapore-pte-ltd,0,0
Avant Garde Therapeutics & Technologies LLC,http://www.patentbuddy.com/Company/Profile/AVANT-GARDE-THERAPEUTICS-AND-TECHNOLOGIES-LLC/2236496,0,0
Avery Dennison Corporation,http://www.averydennison.com/,0,0
Avtaec Limited,https://www.avtec.in/,0,0
B.G. Negev Technologies and Applications Ltd.,http://in.bgu.ac.il/en/bgn/Pages/default.aspx,0,0
BAE Systems Information and Electronic Systems Integration Inc.,https://www.baesystems.com/en-us/our-company/inc-businesses/electronic-systems,0,0
BASF,https://www.basf.com/,0,0
BASF Coatings GmbH,http://www.basf-coatings.com/global/ecweb/de/,0,0
BASF Corporation ,https://www.basf.com/,0,0
BASF Enzymes LLC,http://enzymes.basf.com/,0,0
BASF Plant Science GmbH,https://agriculture.basf.com/us/en.html,0,0
BASF SE,http://www.basf.com/,0,0
BAXALTA INCORPORATED,https://www.bloomberg.com/research/stocks/private/snapshot.asp?privcapId=261084576,0,0
BCE Inc.,http://www.bce.ca/,0,0
BERKEN ENERGY LLC,http://berkenenergy.com/,0,0
BLANC VINEYARDS L.L.C.,https://www.bizapedia.com/az/blanc-vineyards-dhl-llc.html,0,0
BOLTIER R&D,https://www.chamberofcommerce.com/la-mirada-ca/24886488-boltier-r-d,0,0
BP Corporation North America Inc.,https://www.bloomberg.com/research/stocks/private/snapshot.asp?privcapId=169582,0,0
BRIGHTLEAF TECHNOLOGIES INC.,http://www.brightleafpower.com/,0,0
BROADCOM CORPORATION,https://www.broadcom.com/,0,0
BROOKLYN QUANTUM WORKS,http://www.patentbuddy.com/Company/Profile/BROOKLYN-QUANTUM-WORKS/15547081,0,0
BTPATENT LLC,https://bizstanding.com/directory/MD/BT/10/,0,0
BTU International,https://www.btu.com/,0,0
Baker Hughes Incorporated,https://www.bhge.com/,0,0
Bakersun,https://www.linkedin.com/company/bakersun,0,0
Banpil Photonics,http://banpil.com/,0,0
Basell Polyolefine GmbH,http://www.lyondellbasell.com/,0,0
Battelle Memorial Institute,https://www.battelle.org/,0,0
Bausch & Lomb Incorporated,http://www.bausch.com/,0,0
Baxter Healthcare SA,https://www.baxter.com/,0,0
Baxter International Inc.,https://www.baxter.com/,0,0
Bayer Cropscience AG,https://www.cropscience.bayer.com/en/,0,0
Bayer Materialscience LLC,https://www.bayer.com/,0,0
Bell Helicopter Textron Inc.,http://bellflight.com/,0,0
Beryllium Discovery Corp.,http://be4.com/,0,0
Bi-Modal Corporation,http://www.freepatentsonline.com/4276968.html,0,0
Bigelow Aerospace,http://bigelowaerospace.com/,0,0
Biocon Limited,https://www.biocon.com/,0,0
Bioneer Corporation,http://www.bioneer.com/,0,0
Biosense Webster (Israel) Ltd.,https://www.biosensewebster.com/,0,0
Biotta LLC,https://www.bioatla.com/,0,0
Bitrode Corporation,https://www.bitrode.com/,0,0
BlackBerry Limited,http://www.blackberry.com/,0,0
Bluestar Silicones France,https://silicones.elkem.com/EN/Pages/home.aspx?zone=EMEA,0,0
Boehringer Ingelheim International GmbH,https://www.boehringer-ingelheim.com/,0,0
Boehringer Ingelheim Vetmedica GmbH,https://www.boehringer-ingelheim.com/,0,0
Bosch Energy Storage Solutions LLC,http://boschenergystoragesolutions.com/nba/homepage/start,0,0
Boston Scientific Neuromodulation Corporation,http://www.bostonscientific.com/en-US/about-us/core-businesses/neuromodulation.html,0,0
Brewer Science Inc.,https://www.brewerscience.com/,0,0
Bridgestone Corporation,https://www.bridgestone.com/,0,0
Bristol-Myers Squibb Company,https://www.bms.com/,0,0
Brookhaven Science Associates LLC ,http://www.bsa-hq.org/,0,0
Brother International Corporation,https://www.brother-usa.com/,0,0
Brother Kogyo Kabushiki Kaisha,http://www.patentsencyclopedia.com/assignee/brother-kogyo-kabushiki-kaisha/,0,0
Butamax(TM) Advanced Biofuels LLC,http://www.butamax.com/,0,0
CAMBRIDGE ENTERPRISE LIMITED,https://www.enterprise.cam.ac.uk/,0,0
CARBO Ceramics Inc.,https://www.carboceramics.com/about/about-carbo,0,0
CERION LLC,https://www.cerionadvancedmaterials.com/,0,0
CLEARSIGN COMBUSTION CORPORATION,https://www.clearsign.com/,0,0
CNH Industrial America LLC,http://cnhindustrial.com/en-us/Pages/Homepage.aspx,0,0
COOK MEDICAL TECHNOLOGIES LLC,https://www.cookmedical.com/,0,0
COVERIS FLEXIBLES US LLC,http://www.coveris.com/,0,0
CP KELCO APS,https://www.cpkelco.com/,0,0
CPC International Inc.,https://www.wsj.com/articles/SB877046902651289000,0,0
CSEM Centre Suisse d'Electronique et de Microtechnique SA-Recherche et Developpement,http://www.csem.ch/,0,0
Cabot Corporation,http://www.cabotcorp.com/,0,0
Cadtrak Corporation,http://articles.latimes.com/keyword/cadtrak-corp,0,0
Callahan Cellular L.L.C.,https://www.bizapedia.com/de/callahan-cellular-llc.html,0,0
Canon Kabushiki Kaisha,http://curia.europa.eu/juris/liste.jsf?num=C-39/97,0,0
Carl Zeiss Meditec AG,https://www.zeiss.com/meditec-ag/home.html,0,0
Carl Zeiss Microscopy GmbH,https://www.zeiss.com/microscopy/int/home.html,0,0
Cbrite Inc.,http://www.cbriteinc.com/,0,0
Cedar Ridge Research,http://cr-res.com/,0,0
Celanese Corporation,https://www.celanese.com/,0,0
Celanese International Corporation,https://www.celanese.com/,0,0
Centre de Recherche Industrielle du Quebec,https://www.criq.qc.ca/fr/,0,0
Certain-teed Corporation,https://www.certainteed.com/,0,0
Cetac Technologies Inc.,http://www.teledynecetac.com/,0,0
Cetus Corporation,https://www.bloomberg.com/profiles/companies/CTUS:US-cetus-corp,1,0
Chevron Oronitz Company LLC,https://www.oronite.com/,0,0
Chevron Phillips Chemical Company LP,http://cpchem.com/,0,0
Chevron U.S.A. Inc.,https://www.chevron.com/,0,0
Child Laboratories Inc.,http://www.byui.edu/child-labs,0,0
Chipmos Technologies Inc.,http://www.chipmos.com/index-en.aspx,0,0
Chiron Corporation,http://chiron.com/,1,0
Cima NanoTech Israel Ltd.,http://cimananotech.com/,0,0
Cleanvantage LLC,http://biovantage.dk/,0,0
Coactive Drive Corporation,https://www.corporationwiki.com/California/San-Diego/coactive-drive-corporation/45170738.aspx,0,0
Colgate-Palmolive Company,https://www.colgatepalmolive.com/en-us,0,0
Coloplast A/S,https://www.coloplast.us/,0,0
Columbia Insurance Company,https://www.colinsgrp.com/site/,0,0
Commonwealth Scientific & Industrial Research Organization,http://www.csiro.au/,0,0
Community Power Corporation,http://www.gocpc.com/,0,0
Conoco Inc.,https://www.conoco.com/,0,0
ConocoPhillips Company,http://www.conocophillips.com/,0,0
Conversant Intellectual Property Management Inc.,http://www.conversantip.com/,0,0
Cook Biotech Incorporated,https://www.cookbiotech.com/,0,0
CoolEarth Solar,http://www.coolearthsolar.com/,0,0
Cooper Technologies Company,https://www.coopertechnologies.net/,0,0
Corporation for National Research Initiatives,http://www.cnri.reston.va.us/,0,0
Covidien LP,https://www.bloomberg.com/research/stocks/private/snapshot.asp?privcapId=224097872,0,0
Crestovo LLC,http://www.crestovo.com/,0,0
Cristal USA Inc.,http://www.cristal.com/,0,0
Crystal Solar Inc.,http://xtalsolar.com/,0,0
Crystal Solar Incorporated,http://xtalsolar.com/,0,0
Crystalplex Corporation,https://crystalplex.com/,0,0
Custom Electronics Inc.,https://www.customelec.com/,0,0
Cymatics Laboratories Corp.,https://www.linkedin.com/company/cymatics-laboratories-corp.,0,0
Cypress Semiconductor Corp.,http://www.cypress.com/,0,0
D-Wave Systems Inc.,https://www.dwavesys.com/,0,0
DECA Technologies Inc.,http://www.decatechnologies.com/,0,0
DEKA Products Limited Partnership,http://www.dekaresearch.com/,0,0
DIC Corporation,http://www.dic-global.com/en/index.html,0,0
DISCOVERYBIOMED INC.,https://discoverybiomed.com/,0,0
DPx Holdings B.V.,https://www.bloomberg.com/research/stocks/private/snapshot.asp?privcapId=254235330,0,0
DSP Group LTD.,https://www.dspg.com/,0,0
Dana Corporation,http://www.dana.com/,0,0
Danisco US Inc.,http://www.danisco.com/food-beverages/,0,0
Delavau LLC,http://www.delavau.com/,0,0
Dell Software Inc.,https://www.quest.com/,1,0
Denso Corporation,https://www.denso.com/global/en/,0,0
Deployable Space Systems,http://www.dss-space.com/,0,0
Dexerials Corporation,http://www.dexerials.jp/en/,0,0
Dialight Corporation,https://www.dialight.com/,0,0
Dialogic Corporation,https://www.dialogic.com/,0,0
DiscoveRx Corporation,https://discoverx.com/home,0,0
Dolby Laboratories Licensing Corporation,https://www.dolby.com/,0,0
Dow AgroSciences LLC,http://www.dowagro.com/en-us/,0,0
Dow Corning Corporation,https://consumer.dow.com/en-us.html,0,0
Dow Global Technologies Inc.,https://www.bloomberg.com/research/stocks/private/snapshot.asp?privcapId=25837118,0,0
Dow Technology Investments LLC,https://www.bloomberg.com/research/stocks/private/snapshot.asp?privcapId=62285612,0,0
Dr. Reddy's Laboratories Ltd.,http://www.drreddys.com/,0,0
Dresser-Rand Company,http://www.dresser-rand.com/,0,0
DuPont Teijin Films U.S. Limited Partnership,http://www.dupontteijinfilms.com/,0,0
Dymax Corporation,http://www.dymax.com/,0,0
E Ink Corporation,https://eink.com/,0,0
E. I. du Pont de Nemours and Company,http://www.dupont.com/,0,0
E. I. du Pont de Nemours and Company duPont Displays Inc,http://www.dupont.com/,0,0
E. Tech Incorporation,https://www.etechgs.com/,0,0
E.I. du Pont de Nemours and Company,http://www.dupont.com/,0,0
ECOSYNTHETIX LTD.,http://ecosynthetix.com/,0,0
ELC Management LLC,http://www.hoovers.com/company-information/cs/company-profile.elc_management_llc.72f5ac595519c939.html,0,0
EMC Corporation,https://www.dellemc.com/en-us/index.htm,0,0
EMD Technologies Inc.,http://www.emd-technologies.com/,0,0
ENERGY INDEPENDENCE OF AMERICA CORP.,https://www.bbb.org/toledo/business-reviews/energy-conservation-products-and-services/energy-independence-of-america-in-bowling-green-oh-90034288,0,0
ENI S.p.A.,https://www.eni.com/en_IT/home.page,0,0
EPCOS AG,https://en.tdk-electronics.tdk.com/,0,0
EXOS LLC,https://www.teamexos.com/,0,0
Eastman Chemical Company,https://www.eastman.com/Pages/Home.aspx,0,0
Eastman Kodak Company,https://www.kodak.com/us/en/corp/default.htm,0,0
Eaton Corporation,http://www.eaton.com/us/en-us.html,0,0
EchoStar Technologies LLC,http://echostar.com/,0,0
Ecolab Inc.,https://www.ecolab.com/,0,0
Electrovaya Inc.,http://electrovaya.com/,0,0
Elwha LLC,http://www.patentbuddy.com/Company/Profile/ELWHA-LLC/2033522,0,0
Em-Tech LLC,https://www.mtech-llc.com/,0,0
Embro Corporation,https://www.linkedin.com/company/embro-corporation,0,0
Empire Technology Development LLC,http://www.empirelabauto.com/index.html,0,0
Envisionit LLC,https://envisionitllc.com/,0,0
Evernote Corporation,https://evernote.com/,0,0
Evoqua Water Technologies LLC,http://www.evoqua.com/,0,0
Exatec LLC,https://www.bloomberg.com/research/stocks/private/snapshot.asp?privcapId=7665647,0,0
Excelsior Nanotech Corporation,http://www.buzzfile.com/business/Excelsior-Nanotech-Corporation-206-898-9477,0,0
ExxonMobil Chemical Patents Inc.,https://www.bloomberg.com/research/stocks/private/snapshot.asp?privcapId=1567445,0,0
ExxonMobil Research and Engineering Company,https://corporate.exxonmobil.com/en/energy/research-and-development,0,0
ExxonMobil Upstream Research Company,https://corporate.exxonmobil.com/,0,0
FEI Company,https://www.fei.com/,0,0
FLOW CONTROL LLC.,http://www.flowcontrolequip.com/,0,0
FPInnovations,https://fpinnovations.ca/,0,0
FRONT EDGE TECHNOLOGY INC.,http://frontedgetechnology.com/,0,0
FUJIFILM Corporation,http://www.fujifilm.com/,0,0
Fairchild Semiconductor Corporation,http://www.onsemi.com/,0,0
FastCAP Systems Corporation,https://www.nanoramic.com/,0,0
Federal Signal Corporation,https://federalsignal.com/,0,0
Ferric Inc.,http://www.ferricsemi.com/,0,0
Ferro Corporation,https://www.ferro.com/,0,0
Fianium Ltd.,https://www.bloomberg.com/research/stocks/private/snapshot.asp?privcapId=50261420,0,0
Fike Corporation,https://www.fike.com/,0,0
Finisar Corporation,https://www.finisar.com/,0,0
Floadia Corporation,https://floadia.com/,0,0
Fluidigm Corporation,https://www.fluidigm.com/,0,0
Fujitsu Limited,http://www.fujitsu.com/global/,0,0
Fujitsu Semiconductor Limited,http://www.fujitsu.com/jp/group/fsl/en/,0,0
G.D.O. Inc,http://gradtech.com/,0,0
GCP Applied Technologies Inc.,https://gcpat.com/en,0,0
GE Healthcare Limited,https://www.bloomberg.com/research/stocks/private/snapshot.asp?privcapId=433088,0,0
GE-Hitachi Nuclear Energy Americas LLC,https://nuclear.gepower.com/,0,0
GEN-PROBE INCORPORATED,https://www.hologic.com/,0,0
GENCO SCIENCES LLC,https://globenewswire.com/news-release/2017/10/04/1140572/0/en/KemPharm-and-Genco-Sciences-Announce-Technology-Licensing-Agreement-to-Develop-Prodrug-Based-Therapy-for-Potential-Rare-Pediatric-Indications-of-Tourette-s-Syndrome-with-ADHD.html,0,0
GENERAL ELECTRIC COMPANY,https://www.ge.com/,0,0
GENERAL MOTORS LLC,https://www.gm.com/,0,0
GIGA SOLAR FPC,https://www.gigasolarpv.com/,0,0
GLIKNIK INC.,http://www.gliknik.com/,0,0
GLOBALFOUNDRIES Inc.,https://www.globalfoundries.com/,0,0
GLYCON LLC,https://www.glyconllc.com/,0,0
GOAL ZERO LLC,https://www.goalzero.com/,0,0
GOLBA LLC,https://www.linkedin.com/in/mehran-moshfeghi-23897b14,0,0
GOOGLE TECHNOLOGY HOLDINGS LLC,http://www.patentbuddy.com/Company/Profile/GOOGLE-TECHNOLOGY-HOLDINGS-LLC/5435114,0,0
GREENFIELD MASTER IPCO LIMITED,http://www.freepatentsonline.com/9556856.html,0,0
GREENHILL ANTIBALLISTICS CORPORATION,https://www.linkedin.com/in/judyleegreenhill,0,0
Galemed Corporation,http://galemed.com/manager/eService/RC08-all_0225.pdf,0,0
Garrity Power Services LLC,http://www.freepatentsonline.com/9525364.html,0,0
Gas Technology Institute,http://www.gastechnology.org/,0,0
Genesco Inc.,http://www.genescopartners.com/,0,1
Genzyme Corporation,https://www.sanofigenzyme.com/,0,0
Georgia-Pacific Gypsum LLC,https://www.buildgp.com/georgia-pacific-gypsum,0,0
Gestion Ultra International Inc.,http://www.freepatentsonline.com/6477724.html,0,0
Global Eagle Entertainment Inc.,http://www.globaleagle.com/,0,0
Global Filtration Systems,http://www.globalfiltrationsystems.com/,0,0
Global OLED Technology LLC,http://globaloledtech.com/,0,0
Glucan Biorenewables LLC,http://glucanbio.com/,0,0
Google Inc.,https://itunes.apple.com/us/developer/google-inc/id281956209,0,1
Grain Processing Corporation,http://www.grainprocessing.com/,0,0
Grandis Inc.,https://www.bloomberg.com/research/stocks/private/snapshot.asp?privcapid=4287524,0,0
Greatbatch Ltd.,https://integer.net/,0,0
Green Extraction Technologies,https://www.greenextractiontechnologiesllc.com/,0,0
Gtech Corporation,https://www.igt.com/,0,0
Gula Consulting Limited Liability Company,http://www.freepatentsonline.com/y2017/0230370.html,0,0
H R D CORPORATION,https://www.bloomberg.com/research/stocks/private/snapshot.asp?privcapid=118215169,0,0
HAMAMATSU PHOTONICS K.K.,https://www.hamamatsu.com/jp/en/index.html,0,0
HGST NETHERLANDS B.V.,http://www.hgst.com/,0,0
HOWARD INDUSTRIES,http://howard-ind.com/,0,0
HTC Corporation,https://www.htc.com/us/,0,0
Hadasit Medical Research Services & Development Company Ltd.,https://www.bloomberg.com/research/stocks/private/snapshot.asp?privcapid=2336323,0,0
Hamilton Sundstrand Corporation,https://utcaerospacesystems.com/,0,0
Harris Corporation,https://www.harris.com/,0,0
Heat Seal LLC,https://www.heatsealco.com/,0,0
Heidelberger Druckmaschinen AG,https://www.heidelberg.com/,0,0
Helios Focus LLC,http://www.buzzfile.com/business/Helios-Focus-LLC-480-948-3490,0,0
Henkel AG & Co. KGaA,https://www.henkel.com/,0,0
Heraeus Precious Metals North America Conshohocken LLC,https://www.heraeus.com/us/group/home/home.aspx,0,0
Hewlett Packard Enterprise Development LP,https://www.hpe.com/us/en/home.html,0,0
Hewlett-Packard Indigo B.V.,https://www.bloomberg.com/research/stocks/private/snapshot.asp?privcapId=29849,0,0
Hitachi High-Technologies Corporation,https://www.hitachi-hightech.com/global/,0,0
Hollingsworth & Vose Company,https://www.hollingsworth-vose.com/,0,0
Honeywell International Inc.,https://www.honeywell.com/,0,0
Hosiden Corporation,https://www.hosiden.com/,0,0
Hoya Corporation,http://www.hoya.co.jp/english/,0,0
Humanetics Corporation,https://www.humaneticscorp.com/,0,0
Hunt Energy Enterprises LLC,http://www.huntenergyenterprises.com/,0,0
Hunter Douglas Inc.,https://www.hunterdouglas.com/,0,0
Hynix Semiconductor Inc.,https://www.skhynix.com/eng/index.jsp,0,0
Hysitron Incorporated,https://www.hysitron.com/about-us/leadership-team,0,0
Hyundai Motor Company,https://www.hyundaiusa.com/,0,0
IDEALAB,https://www.idealab.com/,0,0
IDEX Health & Science LLC,https://www.idex-hs.com/,0,0
II-VI Incorporated,https://www.ii-vi.com/,0,0
IMDS Corporation,http://www.imds-ohio.com/,0,0
IMEC,https://www.imec-int.com/en/home,0,0
INENTEC INC.,http://www.inentec.com/,0,0
INFINEUM INTERNATIONAL LIMITED,https://www.infineum.com/,0,0
INTEL IP CORPORATION,https://www.intel.com/content/www/us/en/homepage.html,0,0
INVISTA North America S.a.r.l.,https://www.invista.com/,0,0
Ideal Power Inc.,http://www.idealpower.com/,0,0
Imperial Innovations Limited,https://www.imperialinnovations.co.uk/,0,0
InView Technology Corporation,http://inviewcorp.com/,0,0
Incept LLC,http://inceptllc.com/,0,0
Incyte Holdings Corporation,https://www.incyte.com/,0,0
Industrial Technology Research Institute,https://www.itri.org.tw/eng/,0,0
Infineon Technologies AG,https://www.infineon.com/,0,0
Infineon Technologies Americas Corp.,https://www.infineon.com/,0,0
Infinera Corporation,https://www.infinera.com/,0,0
Innolux Corporation,http://www.innolux.com/Pages/EN/Index_EN.html,0,0
Instron Corporation ,http://www.instron.us/en-us?region=North%20America,0,0
Intel Corporation,https://www.intel.com/content/www/us/en/homepage.html,0,0
Intellectual Keystone Technology LLC,https://www.bloomberg.com/research/stocks/private/snapshot.asp?privcapId=245335915,0,0
Intercontinental Great Brands LLC,https://www.bloomberg.com/research/stocks/private/snapshot.asp?privcapId=28018052,0,0
International Business Machines Corporation,https://www.ibm.com/us-en/,0,0
International Technology Center,http://itc-inc.org/,0,0
IntriEnergy Inc.,http://www.intrienergy.com/#!,0,0
Invensas Corporation,https://www.invensas.com/,0,0
Iogen Corporation,http://www.iogen.ca/,0,0
Ivoclar Vivadent AG,http://www.ivoclarvivadent.com/,0,0
JAC Products Inc.,https://www.jacproducts.com/,0,0
JFE STEEL CORPORATION,http://www.jfe-steel.co.jp/en/,0,0
JNC Corporation,http://www.jnc-corp.co.jp/english/,0,0
JOLED Inc.,https://www.bloomberg.com/research/stocks/private/snapshot.asp?privcapId=330249097,0,0
JSI Equipment Solutions LLC,https://www.bizapedia.com/co/jsi-equipment-solutions-llc.html,0,0
JSR Corporation,http://www.jsr.co.jp/jsr_e/,0,0
JX Nippon Mining & Metals Corporation,http://www.nmm.jx-group.co.jp/english/,0,0
Johns Manville,https://www.jm.com/,0,0
Johnson Controls Technology Company,http://www.johnsoncontrols.com/about-us/our-company,0,0
Johnson Matthey PLC,https://matthey.com/,0,0
KINO LLC,"http://www.buzzfile.com/business/Kino,-LLC-520-529-6293",0,0
KJ BIOSCIENCES LLC,http://www.kjbiosciences.com/,0,0
KLA-Tencor Corporation,https://www.kla-tencor.com/,0,0
KT Corporation,https://www.bloomberg.com/research/stocks/private/snapshot.asp?privcapId=416000,1,0
KUBIX INC.,https://www.kuebix.com/,0,0
KYOCERA DOCUMENT SOLUTIONS INC.,https://www.kyoceradocumentsolutions.com/,0,0
Kabushiki Kaisha Eighting,https://www.trademarks411.com/marks/75674687-ghoul-panic,0,0
Kabushikikaisha Toshiba,http://www.toshiba.com/tai/,0,0
Kajima Corporation,https://www.kajima.co.jp/english/welcome.html,0,0
Kaneka Corporation,http://www.kaneka.co.jp/en/,0,0
Kansei Corporation ,http://calsonic.com/,0,0
Kao Corporation,https://www.kao.com/global/en/,0,0
Karsten Manufacturing Corporation,https://ping.com/,0,0
Kawasaki Jukogyo Kabushiki Kaisha,http://www.freepatentsonline.com/y2018/0186410.html,0,1
Kemira OY,https://www.kemira.com/,0,0
Kerr Corporation,https://www.kerrdental.com/,0,0
Kia Motors Corporation ,https://www.kia.com/us/en/home,0,0
Kimberly-Clark Worldwide,https://www.kimberly-clark.com/en-us,0,0
Kinetech Power Company LLC,https://kinetechpower.com/,0,0
King Electric Vehicles Inc.,http://king-electric.com/,0,0
Kodak Alaris Inc.,https://www.kodakalaris.com/,0,0
Kraton Polymers U.S. LLC,http://www.kraton.com/,0,0
Kronos International Inc,http://kronostio2.com/,0,0
Kureha Corporation,http://www.kureha.co.jp/en/,0,0
L-3 Communications Cincinnati Electronics Corporation,https://www.cinele.com/,0,0
LATITUDE PHARMACEUTICALS INC.,http://latitudepharma.com/,0,0
LG Electronics Inc.,https://www.lg.com/us,0,0
LGS Innovations LLC,https://www.lgsinnovations.com/,0,0
LORDO AMERICA,https://www.prweb.com/releases/2013/11/prweb11355883.htm,0,0
Lam Research Corporation,https://www.lamresearch.com/,0,0
Lattice Semiconductor Corporation,http://www.latticesemi.com/,0,0
Lextar Electronics Corp.,http://www.lextar.com/?sn=32&lang=en-US,0,0
Life Technologies Corporation,https://www.thermofisher.com/us/en/home.html,0,0
LifeNet Health,https://www.lifenethealth.org/,0,0
Linne Industries LLC,http://linneindustries.com/,0,0
Lintec Corporation,http://www.lintec-global.com/,0,0
Litron Laboratories Limited,https://litronlabs.com/,0,0
Lockheed Martin Corporation,https://www.lockheedmartin.com/en-us/index.html,0,0
Lof Solar Corporation,http://www.lofsolar.com/,0,0
Lovelace Respiratory Research Institute,https://lrri.org/,0,0
Lumentum Operations LLC,https://www.lumentum.com/en,0,0
Luna Innovations Incorporated,http://lunainc.com/,0,0
MAHLE International GmbH,http://www.mahle.com/,0,0
MATERIALS ANALYSIS TECHNOLOGY (US) CORP.,http://www.patentbuddy.com/Company/Profile/MATERIALS-ANALYSIS-TECHNOLOGY-US-CORP/5557343,0,0
MERCK SHARP & DOHME CORP.,http://www.merck.com/index.html,0,0
MILLENIUM SYNTHFUELS CORPORATION,http://milleniumsynthfuels.com/,0,0
Magna International Inc.,https://www.magna.com/,0,0
Mainstream Engineering Corp.,https://www.mainstream-engr.com/,0,0
Marathon Equipment Company,https://www.marathonequipment.com/,0,0
Marine Biotech Inc.,http://marinabio.com/,0,0
Markel Corporation,https://www.markelcorp.com/,0,0
Maxim Integrated Products,https://www.maximintegrated.com/en.html,0,0
Medgenics Medical Israel Ltd.,http://www.medgenics.com/c/company/index.php,0,0
Mediatek Inc.,https://www.mediatek.com/,0,0
Medicis Pharmaceutical Corporation,https://www.drugs.com/manufacturer/medicis-pharmaceutical-corporation-88.html,1,0
Merck Patent GmbH,https://www.merckgroup.com/en,0,0
Met Tech Inc.,http://www.met-techbilliards.com/,0,0
Michelin Recherche et Technique S.A.,http://www.freepatentsonline.com/D483718.html,0,0
Michigan Biotechnology Institute,http://www.mbi.org/,0,0
Microchip Technology Incorporated,http://www.microchip.com/,0,0
Microsemi SoC Corporation,https://www.microsemi.com/,0,0
Milliken & Company,http://www.milliken.com/,0,0
Mintera Corporation,https://www.bloomberg.com/research/stocks/private/snapshot.asp?privcapid=606790,0,0
Mitsubishi Electric Corporation,http://www.mitsubishielectric.com/,0,0
Mitsubishi Metal Corporation,https://www.mitsubishicorp.com/jp/en/bg/metals/,0,0
Momentive Performance Materials GmbH,http://www.momentive.com/,0,0
Momentive Performance Materials Inc.,http://www.momentive.com/,0,0
Monarch Power Corp,https://www.bloomberg.com/research/stocks/private/snapshot.asp?privcapId=134317474,0,0
Monolithe Semiconductor Inc.,http://www.monolithsemi.com/,0,0
Monsanto Technology LLC,https://monsanto.com/,0,0
Musco Corporation,http://www.musco.com/,0,0
NANOBIO CORPORATION,http://www.bluewillow.com/,0,0
NANOPHARMACEUTICALS LLC,https://www.bloomberg.com/research/stocks/private/snapshot.asp?privcapId=256275609,0,0
NEC Corporation,https://www.nec.com/,0,0
NEWFIELD THERAPEUTICS CORPORATION,https://newfieldthera.com/,0,0
NICHIA CORPORATION,http://www.nichia.co.jp/en/about_nichia/index.html,0,0
NOK Corporation,http://www.nok.co.jp/en/,0,0
NOVA Chemicals (International) S.A.,http://www.novachem.com/pages/home.aspx,0,0
NOVA PANGAEA TECHNOLOGIES LIMITED,https://www.novapangaea.com/,0,0
Nalco Company,https://www.ecolab.com/nalco-water,0,0
Nanao Corporation,https://www.eizo.com/home/,0,0
Nano Technics Company Ltd,https://www.bloomberg.com/profiles/companies/NATCZ:KS-nano-technics-co-ltd,0,0
NanoGram Corporation,http://www.nanogram.com/home/,0,0
Nanostatics Corporation,https://www.bioohio.com/item/nanostatics-corporation/,0,0
National Education Corporation,https://www.bloomberg.com/research/stocks/private/snapshot.asp?privcapId=290846,0,0
Nederlandse Organisatie voor toegepast-natuurwetenschappelijk onderzoek TNO,https://www.tno.nl/en/,0,0
NeoPhotonics Corporation,https://www.neophotonics.com/,0,0
NeoVision LLC,http://neovisionllc.com/,0,0
Nestec S. A.,https://www.bloomberg.com/research/stocks/private/snapshot.asp?privcapId=5479792,0,0
Newdoll Enterprises LLC,http://newholdllc.com/,0,0
Newport Corporation,https://www.newport.com/,0,0
Nikon Corporation,http://www.nikon.com/,0,0
Nippon Chemi-Con Corporation,http://www.chemi-con.co.jp/e/index.html,0,0
Nokia Corporation,http://www.nokia.com/,0,0
Nokia Technologies Oy,https://www.nokia.com/fi_fi,0,0
Nordson Corporation,http://www.nordson.com/,0,0
Northrop Grumman Systems Corporation,http://www.northropgrumman.com/,0,0
Novartis AG,https://www.novartis.com/,0,0
Novozymes A/S,https://www.novozymes.com/en,0,0
Novozymes Inc.,https://www.novozymes.com/,0,0
Novus Energy LLC,http://novusenergydev.com/,0,0
Nthdegree Technologies Worldwide Inc.,https://www.ndeg.com/,0,0
Nutech Ventures,http://www.nutechventures.org/,0,0
Nvidia Corporation,https://www.nvidia.com/en-us/,0,0
O.B.I. Inc.,http://www.obiinc.com/,0,0
OLYMPUS CORPORATION,http://olympusamerica.com/,0,0
Oki Data Corporation,http://www.oki.com/us/printing,0,0
Olympus NDT,https://www.olympus-ims.com/en/,0,0
Omron Corporation,https://www.omron.com/,0,0
One Earth Designs Inc.,http://www.oneearthdesigns.org/,0,0
Optodot Corporation,http://optodot.com/,0,0
Oracle International Corporation,http://www.oracle.com/us/corporate/press/1981518,0,0
Ormat Technologies Inc.,https://www.ormat.com/en/home/a/main/,0,0
Osram Sylvania Inc.,http://www.sylvania.com/,0,0
Owens-Brockway Glass Container Inc.,http://www.o-i.com/,0,0
PACCAR Inc,http://www.paccar.com/,0,0
PLEX LLC,https://plex-llc.com/,0,0
POLAR LIGHT TECHNOLOGIES AB,http://www.polar-light-technologies.com/,0,0
PQ CORPORATION,http://www.pqcorp.com/,0,0
Pacific Industrial Development Corporation,https://pidc.com/,0,0
Palo Alto Research Center Incorporated,https://www.parc.com/,0,0
Panasonic Intellectual Property Corporation of America,https://www.corporationwiki.com/New-Jersey/Secaucus/panasonic-intellectual-property-corporation-of-america/47337430.aspx,0,0
Pansonic Corporation,https://www.panasonic.com/global/home.html,0,0
Parker-Hannifin Corporation,http://www.parker.com/,0,0
Pegatron Corporation,http://www.pegatroncorp.com/,0,0
Pelican Imaging Corporation,https://www.businesswire.com/news/home/20161101005720/en/Tessera-Technologies-Acquires-Technology-Assets-Pelican-Imaging,0,0
Pentair Thermal Management LLC,https://www.nventthermal.com/,0,0
PeterBrod Corp.,https://www.bizapedia.com/ca/peterbrod-corp.html,0,0
Pfizer Inc.,https://www.pfizer.com/,0,0
Pharmion Corporation,https://www.fiercebiotech.com/biotech/press-release-celgene-to-buy-pharmion-corporation-for-2-9-billion,0,0
Philip Morris USA Inc.,http://www.altria.com/About-Altria/our-companies/philipmorrisusa/Pages/default.aspx,0,0
Phillips 66 Company,http://www.phillips66.com/,0,0
Pioneer Hi Bred International Inc,http://www.dupont.com/corporate-functions/our-company/businesses/pioneer.html,0,0
Pixar,https://www.pixar.com/,0,0
Polaris Products LLC,http://www.polaris.com/en-us,0,0
PolyOne Corporation,http://www.polyone.com/,0,0
PolyPlus Battery Company,http://polyplus.com/,0,0
Polysar Corporation,http://polymercorporation.com/about-us/,0,0
Proterra Inc.,https://www.proterra.com/,0,0
Pyrexar Medical Inc.,https://www.pyrexar.com/,0,0
QUALCOMM Incorporated,https://www.qualcomm.com/,0,0
Qiagen GmbH,https://www.qiagen.com/us/,0,0
Quallion LLC,https://www.bloomberg.com/research/stocks/private/snapshot.asp?privcapId=9477313,0,0
Qualsig Inc.,http://www.qualsig.com/,0,0
Quantum Materials Corporation,http://www.qmcdots.com/,0,0
QuantumScape Corporation,http://www.quantumscape.com/,0,0
Quest Diagnostics Investments Incorporated,http://ir.questdiagnostics.com/,0,0
R.J. Reynolds Tobacco Company,http://www.rjrt.com/,0,0
RINAT NEUROSCIENCE CORP.,https://www.bloomberg.com/research/stocks/private/snapshot.asp?privcapId=1288518,0,0
ROM Corporation,https://www.romcorp.com/,0,0
Raytheon BBN Technologies Corp.,https://www.raytheon.com/ourcompany/bbn,0,0
Raytheon Company,https://www.raytheon.com/,0,0
Reliance Controls Corporation,http://reliancecontrols.com/,0,0
Renesas Electronics Corporation,https://www.renesas.com/en-us/,0,0
Renewable Opportunities Inc.,http://renewableopportunitiesinc.com/,0,0
RenovaCare Sciences Corp.,https://www.corporationwiki.com/p/2bxxap/renovacare-sciences-corp,0,0
Research Triangle Institute,https://www.rti.org/,0,0
Rhodia Operations,https://www.solvay.com/en/search/products,0,0
Ricoh Company Limited,https://www.ricoh.com/,0,0
Rima Enterprises,http://www.rimaenterprises.in/,0,0
Robert Bosch GmbH,https://www.bosch.com/,0,0
Roche Diagnostics GmbH,https://www.roche.com/about/business/diagnostics/about-diagnostics.htm,0,0
Roche Innovation Center Copenhagen A/S,https://www.roche.com/research_and_development/who_we_are_how_we_work/rnd_locations/research_location.htm?id=c98f27ea-a769-48ee-b7ef-4441cf20e267,0,0
Roche Molecular Systems,https://diagnostics.roche.com/global/en/products/product-category/molecular-diagnostics.html,0,0
Rohm and Haas Chemicals LLC,https://www.dow.com/en-us,0,0
Rohm and Haas Company,https://www.dow.com/en-us,0,0
Rohm and Haas Electronic Materials LLC,https://www.bloomberg.com/research/stocks/private/snapshot.asp?privcapId=94852,0,0
Roll-N-Lock Corporation,https://rollnlock.com/,0,0
Rolls-Royce PLC,https://www.rolls-royce.com/,0,0
Rosemount Aerospace Inc. ,https://www.bloomberg.com/research/stocks/private/snapshot.asp?privcapId=20966146,0,0
SABIC GLOBAL TECHNOLOGIES B.V.,https://www.sabic.com/,0,0
SAE Magnetics (HK) Ltd.,http://www.sae.com.hk/,0,0
SAINT-GOBAIN ABRASIFS,https://www.saint-gobain-abrasives.com/en-gb,0,0
SEIKO NPC Corporation,http://www.npc.co.jp/en/,0,0
SEaB Energy Holdings Ltd.,https://seabenergy.com/,0,0
SHOW ME ENERGY,http://www.dailystarjournal.com/business/show-me-energy-site-sells-to-kansas-based-pellet-mill/article_a7832576-5265-5f9c-8400-c24331953835.html,0,0
SICPA Holding SA,https://www.sicpa.com/,0,0
SII Semiconductor Corporation,https://www.ablic.com/en/semicon/,0,0
SK Hynix Inc.,https://www.skhynix.com/eng/index.jsp,0,0
SOLENA FUELS CORPORATION,https://www.bloomberg.com/research/stocks/private/snapshot.asp?privcapId=222625534,0,0
STMicroelectronics Limited,https://www.st.com/content/st_com/en.html,0,0
STMicroelectronics S.A.,https://www.st.com/content/st_com/en.html,0,0
SUNSALUTER,https://www.sunsaluter.org/,0,0
SYNTHOMER USA LLC,http://www.synthomer.com/,0,0
Sagacious Investment Group L.L.C.,http://www.sagaciousinvestmentservices.com/,0,0
Saint-Gobain Performance Plastics Corporation,https://www.plastics.saint-gobain.com/,0,0
SanDisk 3D LLC,https://www.bloomberg.com/research/stocks/private/snapshot.asp?privcapId=31192,0,0
SanDisk Technologies LLC,https://www.sandisk.com/about/contact,0,0
Sandia Corporation,https://www.bloomberg.com/research/stocks/private/snapshot.asp?privcapId=7957909,0,0
Sanofi,http://en.sanofi.com/,0,0
Santoku Corporation,http://www.santoku-corp.co.jp/english/company/,0,0
Sanuvox Technologies,https://sanuvox.com/,0,0
Schlumberger Technology Corporation,https://www.slb.com/,0,0
Seagate Technology LLC,https://www.seagate.com/,0,0
Seetron Inc.,https://www.seetron.com/index.html,0,0
Seiko Epson Corporation,https://global.epson.com/,0,0
Seiko Instruments Inc.,https://www.sii.co.jp/en/,0,0
Selas Heat Technology Company LLC,https://www.selas.com/,0,0
Semiconductor Manufacturing International (Shanghai) Corporation,http://www.smics.com/,0,0
Semics Inc.,http://www.semi.org/en/members/semics-inc,0,0
Semileds Optoelectronics Co.,https://www.bloomberg.com/research/stocks/private/snapshot.asp?privcapId=65264606,0,0
Sensor-Kinesis Corporation,http://sensor-kinesis.com/,0,0
Sharp Kabushiki Kaisha,https://ttabcenter.com/ttabcase/sharp-kabushiki-kaisha-aka-sharp-corporation-v-dell-inc/,0,0
Shell Oil Company,https://www.shell.us/,0,0
Shimadzu Corporation,http://shimadzu.com/,0,0
Sick AG,https://www.sick.com/de/en/,0,0
Siemens Aktiengesellschaft ,https://www.siemens.com/global/en/home.html,0,0
Siemens Corporation,https://www.siemens.com/us/en/home.html,0,0
Sigma-Aldrich Co. LLC,https://www.sigmaaldrich.com/united-states.html,0,0
Silicon Genesis Corporation,http://www.sigen.net/,0,0
Silicon Space Technology Corp.,https://www.voragotech.com/,0,0
Silicor Materials Inc.,https://www.silicormaterials.com/,0,0
Simbol Inc.,https://www.bloomberg.com/profiles/companies/0255630D:US-simbol-inc,0,0
Sion Power Corporation,https://sionpower.com/,0,0
SolAero Technologies Corp.,https://www.bloomberg.com/research/stocks/private/snapshot.asp?privcapId=279641918,0,0
Sola U.S.A. Inc.,https://businessprofiles.com/details/sola-u-s-a-inc/DE-0833851,0,0
SolaBlock LLC,https://www.solablock.com/,0,0
Solaire Generation LLC,http://www.sunpowercarports.com/,0,0
Solar Junction Corporation,http://www.sj-solar.com/,0,0
Solar-Tectic LLC,http://www.solartecticllc.com/,0,0
SolarCity Corporation,https://www.tesla.com/solarpanels?energy_redirect=true,0,0
SolarLego Inc.,http://www.sollega.com/,0,0
SolarWorld Americas Inc.,http://www.solarworld-usa.com/,0,0
Solaris Holdings Limited,https://www.bloomberg.com/research/stocks/private/snapshot.asp?privcapId=58270475,0,0
Soliton Lasers,https://www.soliton-gmbh.de/en/news.html,0,0
Solutia Inc.,https://www.eastman.com/Pages/solutia.aspx,0,0
Sony Corporation,https://www.sony.net/,0,0
Sony Interactive Entertainment America LLC,https://www.playstation.com/en-us/corporate/about/,0,0
Southwest Research Institute,https://www.swri.org/,0,0
St. Microelectronics Inc.,https://www.st.com/content/st_com/en.html,0,0
Starlight Energy Holdings LLC,http://www.starlightenergy.us/,0,0
Starsource Scientific LLC,http://www.starsource.com/about/?41.html,0,0
Stora Enso Oyj,https://www.storaenso.com/,0,0
Sumco Corporation,http://www.sumcosi.com/english/,0,0
Sun Chemical Corporation,http://www.sunchemical.com/,0,0
Sun Drilling Products Corporation,http://www.sundrilling.com/,0,0
Sun Synchrony,http://sunsynchrony.com/,0,0
SunCulture Solar Inc.,http://solpad.com/,0,0
SunEdison Semiconductor Limited,https://www.gw-semi.com/,0,0
SunLink Corporation,https://sunlink.com/,0,0
SunPower Corporation,https://us.sunpower.com/,0,0
Sungevity Inc.,http://www.sungevity.com/,0,0
Sunlight Photonics Inc.,https://www.sunlightphotonics.com/,0,0
Sunrun South LLC,https://www.sunrun.com/,0,0
Supremex Inc.,https://www.supremex.com/,0,0
Surebeam Corporation,https://www.bloomberg.com/research/stocks/private/snapshot.asp?privcapId=598530,0,0
Swagelok Company,https://www.swagelok.com/,0,0
Symantec Corporation,https://www.symantec.com/,0,0
Syngenta Participations AG,https://www.syngenta.com/,0,0
Sysmex Corporation,https://www.sysmex.com/,0,0
TDK Corporation,https://www.global.tdk.com/corp/en/index.htm,0,0
TEKNOR APEX COMPANY,https://www.teknorapex.com/,0,0
THYSSENKRUPP INDUSTRIAL SOLUTIONS GMBH,https://www.thyssenkrupp.com/en/,0,0
TIME WARNER CABLE ENTERPRISES LLC,https://www.bloomberg.com/research/stocks/private/snapshot.asp?privcapId=231777241,0,0
TMC Corporation,http://tmccorp.com/,0,0
TRANE INTERNATIONAL INC.,http://www.trane.com/index.aspx,0,0
TRIDONIC GMBH & CO KG,http://www.tridonic.com/com/en/,0,0
TRITON MICROTECHNOLOGIES,https://blog.samtec.com/post/samtec-announces-acquisition-nmode-solutions-triton-microtechnologies/,0,0
Takara Bio Inc.,http://www.takara-bio.com/,0,0
Takeda Pharmaceutical Company Limited,https://www.takeda.com/,0,0
Tamura Corporation,http://www.tamuracorp.com/,0,0
Tanaka Kikinzoku Kogyo K.K.,https://gold.tanaka.co.jp/english/,0,0
Tata Consultancy Services Limited,https://www.tcs.com/,0,0
Tau Therapeutics LLC,https://cavionpharma.com/about-us,0,0
Teal Sales Incorporated,http://tsi-inc.net/biomasswood/,0,0
Texas Instruments Deutschland GmbH,https://careers.ti.com/germany/,0,0
Texas Instruments Incorporated,http://www.ti.com/,0,0
The Babcock & Wilcox Company,http://www.babcock.com/,0,0
The Boeing Company,http://www.boeing.com/,0,0
The Eastern Co.,http://www.easterncompany.com/,0,0
The Gates Corporation,https://www.gates.com/,0,0
The Goodyear Tire & Rubber Company,https://www.goodyear.com/,0,0
The Iams Company,https://www.iams.com/,0,0
The Jackson Laboratory,https://www.jax.org/,0,0
The Paymaster Corporation,http://paymastercheckwriters.com/,0,0
The Procter & Gamble Company,https://www.pg.com/,0,0
Thermo Fisher Scientific Inc.,https://www.thermofisher.com/us/en/home.html,0,0
Thermorefinery Technologies Inc.,https://www.bizapedia.com/ny/thermorefinery-technologies-inc.html,0,0
Thermoretinary Technologies Inc.,http://www.freepatentsonline.com/9320987.html,0,0
Thoratec Corporation,http://www.thoratec.com/,0,0
Thorn Bioscience LLC,http://thornbioscience.com/,0,0
Ticona LLC,https://www.celanese.com/engineered-materials.aspx,0,0
Toda Kogyo Corporation,http://www.todakogyo.co.jp/english/,0,0
Tokyo Electron Limited,http://www.tel.com/,0,0
Toray Industries Inc. ,https://www.toray.com/,0,0
Toshiba Tec Kabushiki Kaisha,http://www.patentsencyclopedia.com/assignee/toshiba-tec-kabushiki-kaisha/,0,0
Tosoh Corporation,https://www.tosoh.com/,0,0
Total Marketing Services,https://www.bloomberg.com/research/stocks/private/snapshot.asp?privcapid=5463607,0,0
Toyota Jidosha Kabushiki Kaisha,https://www.toyota-global.com/pages/contents/investors/ir_library/sec/pdf/form_sd_201605_final.pdf,0,0
Traex Corporation,https://www.terex.com/,0,0
Transtron Solutions LLC,https://transcom-solutions.com/,0,0
Triune IP LLC,"http://www.buzzfile.com/business/Triune-Ip,-LLC-972-231-1606",0,0
Turf Group LLC,http://www.turfsolutionsgroup.com/,0,0
Turtle Beach Corporation,http://corp.turtlebeach.com/,0,0
Two Blades Foundation,http://2blades.org/,0,0
Tyco Electronics Corporation,http://www.te.com/usa-en/home.html,0,0
Tyco Electronics U.K. LTD,http://www.te.com/usa-en/home.html,0,0
U S MICROPOWER INC,https://www.bloomberg.com/research/stocks/private/snapshot.asp?privcapId=49794715,0,0
U.S. Smokeless Tobacco Company LLC,http://www.altria.com/About-Altria/our-companies/ussmokeless/Pages/default.aspx,0,0
UCB Pharma S.A.,https://www.ucb.com/,0,0
UNISANTIS ELECTRONICS SINGAPORE PTE. LTD.,http://www.unisantis.com/,0,0
UOP LLC,https://www.uop.com/,0,0
UTC FIRE & SECURITY CORPORATION,https://www.ccs.utc.com/ccs/en/worldwide/,0,0
UVIC INDUSTRY PARTNERSHIPS INC.,https://www.uvic.ca/research/partner/home/services/index.php,0,0
Uni-Charm Corporation,http://www.unicharm.co.jp/english/index.html,0,0
Unifrax I LLC,https://www.unifrax.com/,0,0
Uniseal Solutions Inc.,http://www.unisealsolutions.com/,0,0
Unistrut International Corp.,http://www.unistrut.us/,0,0
United Microelectronics Corp.,https://www.thestreet.com/quote/UMC.html,0,0
United Technologies Corporation,http://www.utc.com/,0,0
Unity Semiconductor Corporation,https://www.bloomberg.com/research/stocks/private/snapshot.asp?privcapId=20905282,0,0
Universal Display Corporation,https://oled.com/,0,0
VEECO PRECISION SURFACE PROCESSING LLC,http://www.veeco.com/technologies-and-products/precision-surface-processing-systems,0,0
VERILY LIFE SCIENCES LLC,https://verily.com/,0,0
VERLASE TECHNOLOGIES LLC,http://www.verlase.com/,0,0
VIASAT INC.,https://www.viasat.com/,0,0
VINDICO NANOBIO TECHNOLOGY INC.,https://www.bizapedia.com/pa/vindico-nanobio-technology-inc.html,0,0
VIOLIN MEMORY,https://www.violinsystems.com/,0,0
Vascular BioSciences,http://vascularbiosciences.com/,0,0
VivaLnk Limited (Cayman Islands),http://www.patentbuddy.com/Company/Profile/VIVALNK-LIMITED-CAYMAN-ISLANDS/23628767,0,0
Vizio Inc.,https://www.vizio.com/,0,0
Volterra Semiconductor LLC,https://www.corporationwiki.com/p/2l74iz/volterra-semiconductor-llc,0,0
Vorbeck Materials Corporation,https://vorbeck.com/,0,0
WADHAM ENERGY LP,http://www.enpowercorp.com/facilities/wadham-facility/,0,0
WCA Group LLC,https://start.cortera.com/company/research/k3s9ltp2n/wca-group-llc/,0,0
WELL Shield LLC,https://www.corporationwiki.com/p/2eyjz5/well-shield-llc,0,0
WHATSAPP INC.,https://www.whatsapp.com/,0,0
Waters Technologies Corporation,http://www.waters.com/waters/home.htm?locale=en_US,0,0
Watlow Electric Manufacturing Company,http://www.watlow.com/,0,0
Wave Energy Conversion Corporation of America,https://weccamerica.com/,0,0
Weatherford Canada Partnership,http://www.weatherford.com/,0,0
Wenger Corporation,http://www.wengercorp.com/,0,0
Winbond Electronics Corp.,http://www.winbond.com/,0,0
Wyatt Technology Corporation,https://www.wyatt.com/,0,0
X DEVELOPMENT LLC,https://x.company/,0,0
Xenogenic Development Limited Liability Company,http://www.delwarecorporates.com/corp/796982.html,0,0
Xerox Corporation,https://www.xerox.com/,0,0
Xintec Inc.,http://www.xintec.com.tw/eng/index.aspx,0,0
Yageo Corporation,http://www.yageo.com/portal/product/product.jsp,0,0
Yamaha Corporation,https://www.yamaha.com/,0,0
ZIH Corp.,https://www.bloomberg.com/profiles/companies/0605965D:US-zih-corp,0,0
ZON,https://www.amazon.com/,0,0
Zeno Semiconductor Inc,https://www.zenosemi.com/,0,0
Zephyr Energy Systems LLC,https://start.cortera.com/company/research/k3q8kxn9p/zephyr-operating-co-llc/,0,0
Zoetis Services LLC,https://www.zoetis.com/,0,0
Zygo Corporation,https://www.zygo.com/,0,0
adidas AG,https://www.adidas.com/us/,0,0
eSionic Corp.,https://www.bloomberg.com/research/stocks/private/snapshot.asp?privcapId=1824762,0,0
fybr,https://fybr.com/,0,0
iNanoBio LLC,http://inanobio.com/,0,0
mVerify Corporation,https://www.bloomberg.com/research/stocks/private/snapshot.asp?privcapId=248590114,0,0
nLIGHT Photonics Corporation,http://nlight.net/,0,0
